"id","2009-01","2009-02","2009-03","2009-04","2009-05","2009-06","2009-07","2009-08","2009-09","2009-10","2009-11","2009-12","2010-01","2010-02","2010-03","2010-04","2010-05","2010-06","2010-07","2010-08","2010-09","2010-10","2010-11","2010-12","2011-01","2011-02","2011-03","2011-04","2011-05","2011-06","2011-07","2011-08","2011-09","2011-10","2011-11","2011-12","2012-01","2012-02","2012-03","2012-04","2012-05","2012-06","2012-07","2012-08","2012-09","2012-10","2012-11","2012-12","2013-01","2013-02","2013-03","2013-04","2013-05","2013-06","2013-07","2013-08","2013-09","2013-10","2013-11","2013-12","2014-01","2014-02","2014-03","2014-04","2014-05","2014-06","2014-07","2014-08","2014-09","2014-10","2014-11","2014-12","2015-01","2015-02","2015-03","2015-04","2015-05","2015-06","2015-07","2015-08","2015-09","2015-10","2015-11","2015-12","2016-01","2016-02","2016-03","2016-04","2016-05","2016-06","2016-07","2016-08","2016-09","2016-10","2016-11","2016-12","2017-01","2017-02","2017-03","2017-04","2017-05","2017-06","2017-07","2017-08","2017-09","2017-10","2017-11","2017-12","2018-01","2018-02","2018-03","2018-04","2018-05","2018-06","2018-07","2018-08"
"1101",NA,NA,NA,NA,-45.839603661993,1.87796760723854,2.1197346794034,2.08604488687276,1.1588922238591,1.16789893829364,1.16135488232102,1.12463013246517,1.13015813738036,0.937583155796568,0.986578411116696,0.990032889580994,0.941332938565467,0.846662643492485,0.851519680687532,0.715306941381333,0.814481548287292,0.788950191110373,0.820776342081781,0.845736573169851,0.849743996749052,0.846473921098444,0.794646638096899,0.724014219382378,0.670394039330987,0.675697014532938,0.685442692696865,0.687188737407563,0.764126030242809,0.745388833429239,0.894572612665814,0.906724606726567,0.902368004087288,0.86651797212894,0.845219218314761,0.837245853369677,0.843599568249189,0.847661754685303,0.846837251431968,0.849085282151888,0.865217616689246,0.855919133216168,0.85792808652162,0.782500199438512,0.782478214542516,0.783134934202045,0.782225786610136,0.781588400929111,0.786329210174602,0.786648452116835,0.783155418598183,0.770581236657738,0.751025218861445,0.746822782924435,0.732565027259868,0.716508090164887,0.716048781286215,0.714061423338964,0.735066784427485,0.733769169512954,0.727304895120372,0.708076789835653,0.709054863997292,0.691555293276521,0.688756097866928,0.692187737588852,0.703750287910978,0.690358355923676,0.687674710268909,0.694912143670216,0.699522778293199,0.699737515642668,0.693128519122932,0.697635536484699,0.697157973939681,0.701300854955767,0.706140050772799,0.704098754800109,0.717075501127008,0.72180780615512,0.71712777456006,0.718608565534061,0.735101994269468,0.735449529938645,0.718115090474777,0.698056899311731,0.696076424764,0.692243102309761,0.690777560763046,0.690248290996428,0.689468786255167,0.691148274014814,0.689080122037804,0.691506367697385,0.696069630132231,0.694497573226319,0.693580853713518,0.693293755490046,0.693760471643083,0.689571646406722,0.690983952507456,0.6916421009145,0.687459701033567,0.68315005073756,0.680827339084348,0.670299690225221,0.676821766149189,0.676330698205805,0.662957395332297,0.660602637134624,0.660010868394414,0.660408280571073
"1102",NA,NA,NA,NA,-18.5832652573292,1.66312722626568,1.9407450547565,1.94549130375377,0.644980221818564,0.652892591985825,0.659933562635926,0.636453999555219,0.639317730995037,0.649713542555993,0.680894201115008,0.678256564502608,0.698368626334467,0.684907198148789,0.688428589753654,0.629079201220196,0.713823455446301,0.70070260274463,0.738863544099749,0.783964217687504,0.782105341943256,0.788693057618714,0.801836055169099,0.780577162749845,0.746051679011702,0.750465695384436,0.760723553563697,0.743185571862838,0.82186646066921,0.779469462807806,0.930138485820052,0.947544357069025,0.945421372252218,0.913044304132212,0.90857222956821,0.906408225172622,0.914042972891623,0.926911742807451,0.925274249036057,0.926882502947641,0.933775099669863,0.929721063240901,0.947219922863402,0.884850326584586,0.884508592117597,0.885415927451726,0.884093255583026,0.882997408585095,0.884802341835837,0.884279381332674,0.886696185720522,0.879610241574636,0.856340650497796,0.856208497986673,0.85832385456685,0.861463567079042,0.860310021420963,0.858440956167464,0.866138505316405,0.865864905715876,0.855902194574965,0.842397172243926,0.841872448357782,0.829791487290343,0.827892492349002,0.829614151341579,0.825977065342266,0.818732687420154,0.817519408495045,0.815632191234198,0.819275922619773,0.819665994290483,0.811991091335138,0.807430454572073,0.805294317333342,0.8011129580028,0.807065517356758,0.806293852562323,0.808314424326958,0.805058921687783,0.80478216454859,0.803833603512228,0.80996972199182,0.808105894247981,0.812119749765315,0.770639969802777,0.757942197495753,0.757447230864545,0.764152571303384,0.762340519145765,0.762564167162834,0.758434148878538,0.753738769844668,0.759266248795668,0.760774042929958,0.760844795065248,0.758821776713949,0.749094964554172,0.744273833703039,0.723750394539902,0.717995447623993,0.719175978861841,0.711632841500582,0.705481362404674,0.705689512217609,0.705646196844619,0.714276432051362,0.714352293075406,0.699543084549756,0.694591282083059,0.695705377259102,0.673051592249654
"1216",NA,NA,NA,NA,1.39737089100212,1.05860508045379,1.1935754808547,1.2016494946019,0.382218601320012,0.370893389710604,0.375019801683859,0.427066022446955,0.428952545222133,0.37283599714892,0.43513854522111,0.43656256050259,0.538261239034375,0.596656850905948,0.591495438832208,0.662008934561463,0.600057520535189,0.595304459063062,0.598835205641777,0.504727205685498,0.508499901179759,0.497182568593805,0.432809281121451,0.429853645005949,0.399636177810914,0.401758171895413,0.407390846487786,0.342828403280595,0.409378901518746,0.409106291478856,0.53496029901012,0.519616213028005,0.515318217812088,0.470969461435085,0.480407717742715,0.465760058275205,0.45213586825009,0.433340914319192,0.431779467450014,0.445634051596925,0.457011491435074,0.453735264754668,0.472263303562583,0.434116819152734,0.434101464859575,0.430675691426863,0.421217152887942,0.421319795244088,0.413425566193826,0.413877330589544,0.414014419159412,0.411872990555416,0.435038165289988,0.435025359946802,0.441313459612165,0.44336619005709,0.443543408072778,0.437358168852565,0.452844488782286,0.4521506293419,0.462511981039038,0.462604859962007,0.463229643268303,0.443896119941581,0.444813123958631,0.446320818190688,0.45366177170459,0.439737090079275,0.439609979526732,0.446353803935429,0.454934273003441,0.454641879803205,0.442892156175124,0.417567402774253,0.419827441412651,0.425664809080796,0.41896165085237,0.418074522085109,0.414917435427813,0.403832056788758,0.403882787617186,0.404680581620042,0.412846409002639,0.412832548003052,0.397098575425302,0.400274625067456,0.400287586709832,0.400702019105669,0.408711990628989,0.407644969427971,0.408195062228977,0.409023150583353,0.408089399670832,0.413090947529758,0.41776979410078,0.41751447758384,0.413316387237156,0.415075041850542,0.415315706592607,0.425703205917956,0.405185263435756,0.405162231796023,0.408902926281342,0.403807282647181,0.403887200675298,0.408130131024858,0.415343686353627,0.414945088319177,0.414133635244062,0.410685931394747,0.410962295606461,0.40964266668005
"1301",NA,NA,NA,NA,50.9210559007402,-0.655571203056425,-0.48154977088748,-0.485747892533666,-0.12400860372726,-0.120445902571665,-0.112094838532064,-0.0169714598990544,-0.0170575017120217,-0.119446169383609,-0.0943909819742972,-0.0937628289261599,0.00573575307437552,0.171410292399483,0.171775762620954,0.361877865543545,0.373126871177797,0.371264147971665,0.222415007353484,0.301106175644008,0.30105582778696,0.305898883728085,0.314032729109697,0.314362162039764,0.327470255123485,0.317037285714033,0.306927136166011,0.188206555487993,0.329063782151899,0.321113986174766,0.522991529610609,0.543349998391167,0.54347053747024,0.572188247944823,0.578912823639004,0.57152804655743,0.570509520998332,0.564433301893038,0.564735217091309,0.536473526966847,0.558507346614363,0.559563242096768,0.569164590624961,0.520464721186637,0.520415816338273,0.51915076382671,0.51683353711582,0.513127921836806,0.518536913514463,0.51659551973021,0.517481572562435,0.50859191113382,0.539059086484628,0.539110851362136,0.54431254989831,0.548485943483172,0.548382724582392,0.547501745256996,0.542080374611111,0.541571463758389,0.53696379584771,0.528705500767633,0.528787530586898,0.540975187251233,0.541690908028392,0.539384464346918,0.545246690868009,0.556352848990778,0.556333264759887,0.562855928264735,0.557243639237146,0.556317052017169,0.560041109384571,0.565807247294243,0.566738718340382,0.565582740798314,0.569635496269535,0.567727765191033,0.582736809397571,0.588395631730654,0.587518982151413,0.588607682683811,0.584881077465552,0.585978356722175,0.576573520257876,0.570490117800696,0.569674150064684,0.569714331417174,0.570252506110855,0.569829653470828,0.564299412926109,0.55960232960284,0.558600262485566,0.563119868107282,0.566807696598215,0.565227711891865,0.565729507285011,0.563907575226638,0.564167881401492,0.562681198676734,0.562179968094557,0.562051544157281,0.557598403549386,0.556756440531381,0.553170954226691,0.546290320914778,0.554547010631926,0.554292130211895,0.555068539731241,0.555370032342275,0.55611063896967,0.55524478687929
"1303",NA,NA,NA,NA,31.7256842325954,0.816086407514773,0.820118232663728,0.828751626510565,0.201250870901867,0.18717511996744,0.19059337912651,0.233488596059959,0.233960945243745,0.299872662945586,0.312614482695932,0.31195298940607,0.255560430945768,0.385598643986004,0.383809499371116,0.362799164368181,0.345651341933215,0.344001442632575,0.342145107663473,0.361686851882264,0.362972422317657,0.354424156860108,0.38012683851123,0.379542330004521,0.395689646757799,0.37930066410238,0.379278375496954,0.375007502668959,0.47108179478596,0.476830465198283,0.56931628931576,0.572329056414188,0.56748642188061,0.502336656775128,0.514251867289271,0.507423154963075,0.499754326253094,0.487047810160614,0.487305654343905,0.467245206814457,0.497523219601067,0.49827525770892,0.501921966643738,0.519752443899686,0.516005891786557,0.50826636584766,0.512590569199826,0.509039551159841,0.532910845467031,0.532412306465467,0.533985600643376,0.557778320077922,0.577179629830036,0.575770455667393,0.582833638194386,0.58775911809105,0.586474807033816,0.58649016928349,0.574526527359288,0.574430015220146,0.569346397027404,0.568066994590574,0.567093631951505,0.58741155397258,0.589386270282049,0.591313314304603,0.587767654602823,0.604722716561268,0.604723338159901,0.598038145035486,0.605255828507781,0.605553180708478,0.606103424322899,0.615211169484685,0.618645556631988,0.635758753688463,0.63740153980768,0.633693480551114,0.653689772908269,0.665649308147203,0.665254153369607,0.664830799437918,0.671547729330643,0.671539959926537,0.680751267019091,0.677112724643139,0.676437024652824,0.677012812339804,0.676978413472293,0.676925866991422,0.676055084328941,0.675385838713251,0.674321756306463,0.668814053861959,0.663783690650685,0.661937011094886,0.663158368900706,0.661331466512856,0.661112175918983,0.655712887149652,0.658373290191231,0.659454249918568,0.653715185485193,0.649294034257283,0.649494235749913,0.646104710952073,0.643345095745851,0.643471033577407,0.644895606090823,0.643798244748385,0.644842620161307,0.643915770710907
"1326",NA,NA,NA,NA,18.6681960307209,1.06547308355099,1.20584125162484,1.21088093487937,0.509947077712817,0.51668133938071,0.530532954701129,0.610080966929527,0.6133476556011,0.181482313010189,0.207979923114715,0.208210644997977,0.191459684919645,0.355995184397584,0.357991564543627,0.479044075422934,0.476646654588474,0.481598605692783,0.379216053728585,0.430681263706747,0.431720406032878,0.423796495278688,0.493186438604362,0.489124207952672,0.469729623158406,0.463678712315657,0.465763066733399,0.432716221033215,0.52596875992913,0.520821763810338,0.589813569117557,0.624213218327797,0.624417952830938,0.623444657853378,0.628669703658043,0.622406394331666,0.625122578939262,0.60684712569076,0.606172579649221,0.577511654738913,0.587612700766032,0.589029183726093,0.614172134791466,0.602606461057934,0.598271724083495,0.594140790489452,0.595557638911222,0.585668846834402,0.599468391686871,0.598919029676633,0.600430277167126,0.59874729316822,0.597274047972114,0.597327558927678,0.600689894897524,0.606159243705466,0.606277605698042,0.603346077809,0.59780399319565,0.594966426810486,0.589316618231804,0.586419369198145,0.586246109711473,0.589488782297355,0.590154918379603,0.591813034475291,0.590378102477933,0.579419221052068,0.576911186099799,0.58497759176676,0.591107039108266,0.591384367732173,0.591655241764719,0.599912030465344,0.602960265746424,0.598346858291771,0.601624407501201,0.599648805184737,0.610684213363825,0.622121323472735,0.621399679999903,0.621174539986246,0.6202424646169,0.619151457241295,0.61741114385044,0.609881541377303,0.609273030389398,0.608249325593324,0.610607247725449,0.610574117902048,0.60476212243683,0.602884544665562,0.600985219559596,0.604714539753347,0.605797989644088,0.604242544809719,0.603549608898974,0.602024632936051,0.602088514717107,0.602036207737586,0.600797961400822,0.600789822467178,0.592711226791653,0.592211107891696,0.585348824660138,0.574566973216063,0.585052001678396,0.584755076901341,0.584919951281726,0.58668516206266,0.587343684529476,0.586642761750471
"1402",NA,NA,NA,NA,53.0463080812994,-0.075158291202967,-0.0878189697457844,-0.0797650159594485,0.120743281912668,0.119111748085841,0.123211547398921,0.0604763274651535,0.0608246600644826,0.504322859158786,0.518214835585057,0.517679045760818,0.545880371564119,0.63584079949051,0.638688417729299,0.564978761787855,0.563538407728418,0.552668933592328,0.579610998156903,0.563558203208565,0.563672261382384,0.573406891351801,0.602234188010268,0.599337229420082,0.585906479170045,0.586720428951828,0.592400417814242,0.54325023598638,0.626231786108561,0.594959138715095,0.75155771099401,0.769970944816347,0.768012094317522,0.729776206395262,0.7217557145645,0.708778169694844,0.713000174911064,0.676659092020656,0.676333320365263,0.652497185376222,0.656959972129642,0.657564840383132,0.687969016366506,0.714054799797941,0.710388131320707,0.718824993016032,0.716202933478091,0.709821417029354,0.716295806310041,0.716156138328431,0.718487038328724,0.701805630387625,0.695694744009547,0.695807013178633,0.690502734486211,0.689936703839559,0.690142490454564,0.682780258800537,0.689306291085562,0.689593853480611,0.692519057834477,0.688646421803097,0.689099419999351,0.664770496928229,0.666375069838242,0.669743136595604,0.668184832700227,0.640319379901039,0.640320284847207,0.638626941422841,0.638150919597876,0.63808187638612,0.638772660075562,0.635962776211062,0.637973041997974,0.636755624621726,0.642274628881103,0.642083401538724,0.637110793562716,0.644032652622447,0.643098462558009,0.641009791341062,0.648397250482887,0.649055172841537,0.66148427040891,0.653637303743111,0.652852133252689,0.650295667755387,0.658337135358703,0.658283677397669,0.657830578486214,0.659481942734935,0.659449734680144,0.659254993573547,0.656707918575053,0.654279842139338,0.652231945127548,0.648394925521245,0.648842384968254,0.637991371850625,0.638771623169945,0.640433445382775,0.640924462498916,0.646982106159137,0.64664268389844,0.6329401087565,0.627314597079726,0.627572545060774,0.623855055697512,0.614645509629001,0.615602420041445,0.605794578070877
"2002",NA,NA,NA,NA,0.323284660986349,0.481349522435974,0.591478798104316,0.396317990987305,1.34089833022876,1.33959642713678,1.36244290206875,1.38822514416841,1.37233794896966,0.910770747485374,0.925108806060817,0.927478595610166,0.968348836043939,1.01637091221854,1.01039154934947,0.862633959834683,0.848909291256569,0.851628031681575,0.880667638939141,0.855783888235311,0.853786753498651,0.848485972263625,0.785626004739716,0.783818784097925,0.749552082600816,0.744306056035759,0.754672710999541,0.826107950462582,0.743087360806714,0.745427955871684,0.70196822257911,0.689600904728648,0.688166067867613,0.71902230513657,0.74160679349907,0.742881725628812,0.746460559357282,0.725981621866506,0.725956768129774,0.72821377223291,0.735847994249337,0.734842178325162,0.758392840405023,0.772402020844991,0.77159571622867,0.771986644204898,0.771318007108012,0.764163518163104,0.767287197858175,0.765141627486597,0.762720884586915,0.742265542085195,0.733952639444006,0.733317262065932,0.718114637953154,0.715489349101961,0.709338163500956,0.707479855182439,0.697535559963807,0.697613516646227,0.697738320339631,0.68385150531253,0.684396806789461,0.673550877801997,0.670680106348373,0.676908323499648,0.665981430157692,0.65063613876642,0.650645634130726,0.657781116167135,0.64852567818786,0.648613562341624,0.643348060113778,0.643028250805709,0.644265968496365,0.655296118096998,0.629081573465604,0.628542226253489,0.634597998351838,0.641806683651234,0.64148290488756,0.642374044191749,0.663196645722297,0.654885559178663,0.667949714244083,0.626479789328668,0.625652504225693,0.620076628282377,0.628297920185657,0.628286384800556,0.627927028606945,0.60728890344984,0.606715700841034,0.611123018896451,0.61179231281212,0.610620551205312,0.606279243236986,0.610355628725601,0.610518320818192,0.600547515344476,0.600669905366278,0.599682528711582,0.60043907851806,0.597178299451474,0.597317124249731,0.594222284996148,0.595412970169125,0.593104795655292,0.589999989265513,0.589720929054529,0.590396995785677,0.586821954608775
"2105",NA,NA,NA,NA,-28.5070047636918,1.81037091387669,2.06364536157997,2.0480267589448,1.27617645898887,1.28811156206265,1.31009993976223,1.31394962250786,1.30232548109413,0.773840590904597,0.818687577091453,0.821439985851142,0.856880017433758,0.879874699467332,0.876960939673886,0.740610996954792,0.80092636053058,0.810209044982807,0.777375304333788,0.752356067215993,0.754876079117896,0.740868153603943,0.664802036612789,0.660220923666202,0.639164944237211,0.637519871729229,0.645848129743698,0.663997364248131,0.701036744948704,0.710717730006223,0.705958492095298,0.711434783666625,0.710740406020411,0.718606480683412,0.710658344061506,0.710916359643247,0.718422044047027,0.705460820786154,0.705837286556322,0.705490936695559,0.708300949977479,0.709910379143198,0.701839137644905,0.673413486189939,0.673105159830806,0.673951630427883,0.671915268527226,0.670557380060479,0.666465932743595,0.656574716663686,0.658602760593863,0.665254901846721,0.682164414594661,0.681690575472763,0.680139462452156,0.676674463802371,0.676416533546037,0.676233613212911,0.675024877227501,0.672965217985116,0.67766390717948,0.653051639852058,0.649846052539066,0.623099111842687,0.619949401174297,0.624139431592488,0.628045437807958,0.614567955289369,0.61454883409078,0.610154861032933,0.602971632067542,0.600379331296882,0.605472171976131,0.600504314422452,0.602184285494703,0.60984898725522,0.605984250439382,0.606004115402596,0.607625560800174,0.618107210852276,0.617120428312978,0.617897246523598,0.628115376920436,0.62637486223162,0.623947501311074,0.61652299901704,0.616439821603645,0.617307595314346,0.616996307644752,0.616044431468227,0.615100132211081,0.612404757559452,0.612507901098872,0.610043724607524,0.610295829530954,0.60855165737916,0.608994459719391,0.607013405351855,0.606925950354587,0.612371238944897,0.613178647230627,0.614546061241589,0.605876001975469,0.605835495990389,0.606011490907893,0.594917245056213,0.589892326299799,0.586868774369652,0.582835442321093,0.575353908114771,0.576091435077126,0.576061539111115
"2301",NA,NA,NA,NA,14.0365903823892,1.01945228389125,1.18227734909074,0.703364327809078,1.32414861109852,1.3178647042701,1.35470591082828,1.23859543392868,1.23626738860193,0.983330467999691,1.03489156675109,1.03455477216999,1.02905659867168,1.06548286772909,1.06169122593985,0.98406440676593,1.06892296052046,1.07947841146321,1.04265830856614,1.02698573712258,1.03353827823838,1.01734704560402,0.913245991114567,0.909346373751703,0.906726575250155,0.907806049932896,0.920861293946238,0.974729409385121,1.02501205756789,1.01591042593555,0.9873789191193,0.877142746433216,0.875543761646094,0.879482283203281,0.868723403215674,0.847784732967597,0.854263906971209,0.878025951775574,0.875491530705782,0.8571191374345,0.850464561381059,0.851848066415579,0.847288007475585,0.822634131748511,0.819317303599958,0.827056921450878,0.819604585031974,0.818704522843164,0.810355602782724,0.794211095964031,0.790274872047436,0.808555661967371,0.790982294187468,0.790155175495381,0.786539226999411,0.784140590160239,0.783671795425894,0.778556077617676,0.774452521730771,0.77477670821304,0.773958687684542,0.771729319746989,0.772761968312304,0.735206662927642,0.737413142273898,0.727082337157315,0.725835487140715,0.680014229860906,0.67839817779605,0.683181370309188,0.67938673465738,0.67973741242562,0.667785609503087,0.655627001829237,0.652513230863729,0.645697805107503,0.646485403619479,0.646561143543236,0.649748261276027,0.657733065237978,0.654908720704555,0.651588090361918,0.645487670847479,0.646683339540359,0.637561896688698,0.63914628217502,0.638469653185512,0.636595629545587,0.635010386011004,0.630977173271894,0.63145741698199,0.610953638738151,0.609314241457904,0.604937209420198,0.612285790129787,0.612358972601284,0.611803651866638,0.605349704937826,0.605079111082339,0.599202606256621,0.597809817071485,0.597801878408115,0.590876651850249,0.58988170894371,0.586915828372661,0.576390532992072,0.587112832869516,0.586402838179975,0.586409150802237,0.58602744676142,0.583324799408212,0.583996800117903
"2303",NA,NA,NA,NA,42.8080887337861,0.530209776681459,0.521944909769413,0.466165807894093,1.03943046452397,1.04349926751511,1.07818843019592,1.00034883803162,1.00602793964765,1.00976792228351,1.00713760400066,1.009584305358,0.908313355259227,0.926462160120421,0.919089290059057,0.999177811253611,1.05735796924051,1.06882680689942,1.02985076625764,0.946608136029205,0.951728998411562,0.93918680806713,0.971938350507613,0.970853475376628,0.980321909051778,0.980522751656669,0.989402061746785,0.973392963274619,1.05957745515347,1.08385679560448,0.960012270146024,1.0048759368583,1.00290584645447,1.00679555261837,0.95468717830688,0.95067760393001,0.955999291131604,0.8798082914813,0.879152422728763,0.872503122457774,0.875076893044411,0.877203035635438,0.876183878676689,0.855034164125024,0.854683299120842,0.847898494457047,0.846999645042266,0.84717843816496,0.847574885523771,0.82864554985837,0.827027237700173,0.843950674110924,0.843686345080025,0.843731589791618,0.82582045844691,0.823465409447198,0.823706631167271,0.825484217580692,0.809501424525991,0.809288291020398,0.806477173124132,0.805127419566857,0.804817301595646,0.809373068129292,0.810479804516698,0.812606443834735,0.811256860450082,0.796557566421575,0.794572510734339,0.782343416472941,0.774228745730916,0.77327438734995,0.767354838630213,0.754160537085096,0.755428887615576,0.757652933348054,0.763322336936983,0.763389786348052,0.761958493163365,0.764112544272107,0.764193114344815,0.765219559298122,0.743190877047203,0.744416208434696,0.73409292996859,0.73815462377354,0.738017981266246,0.738526683626024,0.739211830613688,0.739168000739034,0.739154451587876,0.738562459802639,0.738765628862621,0.732545602795733,0.734049132328658,0.732290678079426,0.732599243353067,0.734236762701437,0.721603914707964,0.737896535685723,0.735326811639398,0.737217677318641,0.729628068710047,0.733661274673357,0.729513304746328,0.730808776266056,0.719341354908477,0.717523854886469,0.72180759257774,0.716249316921982,0.717438283807328,0.717230822542265
"2308",NA,NA,NA,NA,-7.31217919158424,1.55985265608877,1.89688904037279,1.59711950256597,1.41002017008695,1.42763025114218,1.47046301388946,1.38353344271805,1.36688960008585,1.15037068785934,1.13859431252618,1.13618327161252,1.09637884436547,1.13838513919376,1.14511147064052,1.11349056283835,1.02466288281397,1.03289547554114,1.03833468758248,0.922830521968316,0.929375250352615,0.902813541337337,0.817099048067907,0.799400063258597,0.826583240789367,0.790853516824203,0.78277730828097,0.764916210166843,0.790014911551386,0.767723253743401,0.772424605631185,0.751981619602342,0.739404549011776,0.723338061529303,0.715012243363761,0.714443887318219,0.725414624957959,0.697457723192609,0.690809955441394,0.660733004087733,0.690094232462498,0.682711659118699,0.735971347137428,0.723416065549208,0.723400605448775,0.724298863540355,0.72182490116776,0.704209379548194,0.688978775198848,0.690205092311184,0.687536863414589,0.665991230965068,0.691293158939828,0.690138865129744,0.686222643398179,0.686438785505521,0.684334628381313,0.684498016925334,0.681635350817755,0.674840835308024,0.68157864398759,0.681225119466085,0.675483030083611,0.712390417816735,0.713847098366774,0.710704425776654,0.698211445322468,0.708929952201949,0.708797857994885,0.714876721173263,0.717743420895004,0.716229158177075,0.706963105024487,0.700382489362675,0.699694402923835,0.699150352309446,0.703427178718259,0.699583388987428,0.71024491269379,0.713205231692542,0.712838104598694,0.706209538776085,0.696149428717107,0.696466162273258,0.674905673203424,0.66869713102121,0.668412815419508,0.663956433478055,0.672470975339717,0.672442359941766,0.671829681256052,0.673417163484012,0.673259301190925,0.679408191266753,0.671523125335032,0.668363339877068,0.671119009158144,0.668297118882877,0.668488793382203,0.668307254574588,0.667145276807901,0.665360728321772,0.646210590336011,0.640898035990931,0.64070991604727,0.636718942376534,0.641438083081054,0.637287496641205,0.623550022160793,0.636314252037247,0.636564669998775,0.63620704312872
"2317",NA,NA,NA,NA,-37.8488463640722,1.06684093154307,1.13474455971087,1.146922020797,0.897118773503692,0.896668119955629,0.906228765088494,0.867857324467811,0.871278103171613,0.840413988802902,0.828165048705185,0.830649104892753,0.862549824867237,0.873454820866463,0.847889642995928,0.7359595315413,0.699785533366912,0.707937803249097,0.681155481965181,0.738477829256325,0.741920297153478,0.731056919016603,0.806543896020087,0.797423080059713,0.801473357938849,0.791576405386589,0.800228323204882,0.869282690242627,0.838797879567732,0.851709589754382,0.90880075526276,0.933729734077762,0.933715695965326,0.958752664652443,0.94519358780125,0.941154082291577,0.914026982899798,0.908173907383151,0.908659090042121,0.920344975027605,0.896978611387196,0.895932475707566,0.899876561399137,0.865574250454053,0.861668158823718,0.856822997831056,0.853473141139152,0.853691197126444,0.831650787548185,0.83145501299012,0.832107517510577,0.830140488644009,0.829792130166597,0.829287417239598,0.817510714919877,0.809919445347591,0.810192434150182,0.80945037863713,0.797820143335952,0.798093714036972,0.795023385036176,0.800696346291552,0.79895028742226,0.799311819285814,0.789443036750821,0.792415912155505,0.794824223844752,0.791869035956992,0.783325954037157,0.794949962377628,0.799676626921199,0.799311585102242,0.79418391179329,0.784585395873889,0.788210126037452,0.79793529688914,0.804139396278281,0.804228213368375,0.799627454503284,0.795138511131034,0.793200113666666,0.793487279894446,0.793242373698288,0.791675453066294,0.798461022871434,0.80076738895366,0.800713180836434,0.800509622628344,0.802929369799087,0.802764311361815,0.800714155367082,0.806113336346779,0.806309188611292,0.800336808645628,0.802185211108884,0.802301253010118,0.802413401066747,0.801949615605533,0.795212444881013,0.803860276686982,0.807024449557105,0.801285185882145,0.810036463271544,0.804936752296164,0.801884118156601,0.796328664038922,0.788263362511859,0.788240419598169,0.787486082567783,0.79110769971591,0.790503278318194,0.791006464067546
"2327",NA,NA,NA,NA,-68.2080811701656,2.1667302155969,2.15199609827266,2.13456874537239,1.33451332560501,1.35084119575109,1.38779694403414,1.30855030958875,1.23880430125458,1.05140189265969,1.05775073782538,1.05838430040969,0.941969885871491,1.02094727196282,0.993683847293607,0.99633368725764,1.01247344617222,1.02441465670895,1.01745817587241,0.994400355144688,1.00053766459347,0.984177897432904,0.916771824364925,0.91098071101301,0.917134063023633,0.917228132269258,0.884946072388394,0.881121478181599,0.842298021286753,0.855280618574552,0.811036905765111,0.806446686269354,0.796518252954379,0.883473305643817,0.890902019343714,0.882696567706146,0.888314019394298,0.918242170934784,0.916387841818202,0.916436171254832,0.90365045066581,0.905802421136764,0.88427960596782,0.863233074618325,0.86309630765185,0.854292040443018,0.850832185336002,0.849739831032885,0.829141155137867,0.825486464404062,0.827522715876179,0.835166049307682,0.835170703366895,0.83505547319985,0.81885477449352,0.811992705265526,0.811705639474007,0.800385265075058,0.794205049934308,0.792594056892301,0.786764671037005,0.788506558427417,0.77358731844503,0.807182076315706,0.783012471328435,0.780196756100234,0.777836071809363,0.794165173243575,0.793476602180808,0.798771435318846,0.794387201805895,0.793655749999252,0.780365675135237,0.781885778725324,0.779536507920113,0.774809149873331,0.780847692318673,0.779061842092522,0.766050427833737,0.765037766603788,0.764762865557444,0.76611837109302,0.752930046676181,0.752769322629215,0.735151328139117,0.73654867000426,0.736457280991062,0.737462351197559,0.73479372899429,0.733390635972705,0.732634658173751,0.728598975527064,0.728105760843496,0.721193278638127,0.707589130398059,0.706453188865177,0.688761978537969,0.67597660358228,0.676157075663203,0.668685044401246,0.656219791509239,0.65740776361731,0.653907318957653,0.599167437772418,0.599369355303375,0.599066654579492,0.609081004653701,0.554330251150491,0.567539811776002,0.539169120013419,0.538016525806794,0.526935931871363
"2330",NA,NA,NA,NA,-17.8954968846709,1.3982419870928,1.36113954780069,1.27822314500081,1.15958502144551,1.16228708999073,1.10899495773285,1.11925411990666,1.12371722144012,1.15387937509454,1.13396729181555,1.13619171545059,1.04372876228726,0.989899403581805,0.994366748028259,1.02919520535578,1.11894090703177,1.12770829570799,1.08930696924541,1.06770243079763,1.03416177318793,1.02533848455064,1.1131049994589,1.11216664056215,1.11758041708496,1.11644604212266,1.12499336810526,1.13360055357687,1.14597392335646,1.17194345564213,1.05250647949263,1.04798732839678,1.04831841367973,1.04619085385569,1.04545058382513,1.04789938815927,1.06247009557161,1.01880854775745,1.00457288989507,0.979055880133555,0.978061062542704,0.969794674950277,0.974349782982803,0.968618335927999,0.964015891583966,0.972702388439213,0.97023747566412,0.95985433503831,0.974468545234266,0.973659686402584,0.97664854679577,0.989855884585806,0.981912280666011,0.981067603842629,0.987277697517903,0.988062975422253,0.987894344570513,0.98808587644563,0.987842519453243,0.972762193359044,0.981790410743245,0.966055596705689,0.963680347553734,0.979492087013406,0.979550601607124,0.982111227543422,0.990416359800808,0.979764964848953,0.978423898717711,0.974310909945735,0.978795723793734,0.972740308744793,0.976861446202839,0.965310159628634,0.969550198441629,0.974214750504406,0.967586043337441,0.967495193765152,0.96567459906695,0.957820194759426,0.957792152835584,0.958715318504425,0.951266497414154,0.94410852176303,0.955113114947652,0.957234392665297,0.950803276074158,0.948984452413839,0.953811792607034,0.953371875088053,0.952993386126857,0.953681631222133,0.952042301325574,0.951961390278631,0.950542176606169,0.949482646365151,0.950789187953757,0.951509317172522,0.950208724340044,0.948677140838142,0.949870902944052,0.95119634473426,0.948841600863635,0.951648727176319,0.951543059930375,0.950111265546968,0.958460561015927,0.95747683275476,0.944288457388512,0.940328795317689,0.940253108782958,0.928121111234343
"2354",NA,NA,NA,NA,-44.5494720430975,1.25264326026908,1.28578666318375,1.28735211456141,0.938448722149652,0.938405026837152,0.859190343896982,0.640950770162371,0.638561771956562,0.644183990246777,0.566247441872257,0.567720275804937,0.389976261363152,0.421430634863164,0.409675363277184,0.418640344606629,0.386481004953345,0.38857192825226,0.446464309465924,0.465546345861995,0.44778306841378,0.455854189749889,0.565134664132471,0.564728513208239,0.555720828858961,0.559299486620805,0.53918912862088,0.454457462239645,0.482607255858408,0.491114295339844,0.518303479389896,0.547660560109895,0.543111684172373,0.600334158098557,0.598285578596609,0.590595403331246,0.579468864231039,0.640909990687157,0.640945348218319,0.654996933554398,0.636843995663053,0.638060030472736,0.632204493227857,0.632476512091596,0.623825173575344,0.628041245736185,0.623506537148896,0.62364259785575,0.609204271194115,0.608612414101773,0.603825278782323,0.604337830075424,0.590272829579058,0.590354537780006,0.587213446599789,0.585333784565177,0.58539338396813,0.585148388685966,0.592617770827878,0.591888264377797,0.589220347182862,0.56870174976452,0.568858817690897,0.575485135672404,0.573221173772442,0.578512729417009,0.593595851543472,0.592987436458668,0.592664875083953,0.603856958476473,0.595577269619279,0.595505347021304,0.594319079349469,0.552634515475195,0.555704419389054,0.583165938616159,0.587354000932495,0.587308859280742,0.566482056922316,0.566425274481244,0.56509243480472,0.563889298305807,0.58239449353405,0.580310811766999,0.597989394298316,0.600470968783322,0.600508402011448,0.601305428012066,0.582231523171325,0.580698884204443,0.580202262784017,0.585443134242564,0.585596643592637,0.586507343865885,0.587146786172929,0.58721589830351,0.587236689475339,0.58099022332105,0.580216958746539,0.587946452597147,0.588049659305457,0.58649248850825,0.602129842044707,0.600979098524184,0.6011832049081,0.594275942143962,0.594769481406651,0.594855543356259,0.596131186524645,0.597001335043658,0.597972693333141,0.597366346445735
"2357",NA,NA,NA,NA,-26.5250784640785,1.80474157088656,2.08871648664213,1.85036505605586,1.42250557298326,1.44182847709342,1.49037410809675,1.409565428266,1.37706537484932,0.751963401418324,0.712007441804556,0.70642116829155,0.563003263968741,0.637602211759997,0.639432244351702,0.72539624661478,0.766746451578044,0.774558663835894,0.717277643520874,0.745909584081633,0.750667595665706,0.747951513167958,0.625692568167398,0.618926038307154,0.625926529531296,0.59991938619114,0.602473232675967,0.532583632299812,0.454979995905542,0.460176466385467,0.364081144725517,0.331775746886113,0.331209834415528,0.362601136770081,0.393717703670597,0.395359118186024,0.398866322767147,0.387414782913108,0.379996732406777,0.343798955165154,0.31602914557117,0.316121747664827,0.32283591712044,0.318336065533368,0.318327981647005,0.321680738614614,0.318530300749376,0.31814264935001,0.309282925080347,0.308100860499687,0.28767362060985,0.260229873133619,0.254288410974545,0.254071962801754,0.256851119468295,0.226743872036162,0.226811375973944,0.225890081675762,0.230711711529905,0.230753289734169,0.229002284340541,0.234570703761661,0.2348432637037,0.256336831476454,0.253944661596018,0.253976546864458,0.294005654172378,0.312474308495225,0.312456754385671,0.311118441259098,0.311221589958112,0.310463244431879,0.316169931485857,0.325742706641931,0.327515630265638,0.342950244265174,0.340214694946206,0.338967899065,0.348599011928729,0.354651141158981,0.35466789958756,0.355327474277427,0.357639620574967,0.357805331425664,0.364908329715782,0.361243512432123,0.359664597754522,0.360106032560767,0.358594239800954,0.358398861197434,0.357724997803354,0.361403867060502,0.361433918344779,0.36575484489674,0.366171904158412,0.365002218969083,0.362734328826257,0.357669653663076,0.357855434042107,0.366001045282697,0.367006774353161,0.367811306520323,0.372520364829202,0.367130093453075,0.367203452054393,0.366697092790188,0.365572361499093,0.365397683075073,0.363757403846157,0.359452788622352,0.360078102590053,0.358376125697966
"2382",NA,NA,NA,NA,-5.90672863669671,1.65856922775812,1.97409633339326,1.64857607007223,1.38183337716529,1.31216183040406,1.21654568280284,1.25393298030841,1.26114868362227,1.07708893351969,1.11972721551369,1.07572743618724,0.914730058148152,0.860366360248504,0.862587983028169,0.874922502673318,0.972709671316345,0.983690767582521,0.922804032571141,0.888338263810437,0.894664172020892,0.884168082485171,0.806593412206294,0.797895928744854,0.810274441432426,0.780721258541199,0.791637031849369,0.746024090620992,0.824881600159527,0.843735446956471,0.66483691250444,0.672770572063308,0.669081133853226,0.611325695007391,0.643014504303827,0.64455603070728,0.654917553885248,0.642960151787526,0.643201921163884,0.639423650931251,0.631548191857828,0.632695234134725,0.650440973979745,0.700217562246498,0.692040924784108,0.699185775233718,0.690642409096797,0.689884193150419,0.653190682133089,0.650779984090411,0.652669378606638,0.636031606707568,0.652162349226743,0.652264827396166,0.654333627509136,0.661933133256802,0.661068945354176,0.658559556430279,0.637127204669815,0.631976014957603,0.638335930921025,0.620673893227506,0.618852244229292,0.632025422648949,0.629634653655094,0.626702171907203,0.627285091648634,0.627447174365952,0.627375378880238,0.620191577783057,0.622890569048733,0.619938410867961,0.625585775731204,0.620095740895017,0.619015845441423,0.616091881716809,0.619085350523295,0.616697944425336,0.609952885492541,0.608298754616593,0.607943659353864,0.609435521445845,0.609729437839035,0.610747474545844,0.609157797687162,0.615893683123139,0.615039123319654,0.614504814420906,0.620265780323565,0.614020301426843,0.611834473475469,0.617090519519197,0.617259053865015,0.618234876323607,0.612855921765215,0.611361199223633,0.612338846042779,0.613892158370931,0.613970554168634,0.607305600798159,0.608329621201817,0.610136866269884,0.601372981990386,0.602696512933496,0.602727958831313,0.601432573639562,0.606003859181613,0.605570574520934,0.606184872090049,0.604197754101841,0.605083528780664,0.60548802639988
"2395",NA,NA,NA,NA,-20.875395771097,1.96679421720589,2.25002377013602,1.9659976983141,1.22563394968093,1.15135126460402,1.17653521187773,1.20486194934598,1.09240830163528,1.05978215371165,1.09418082151502,1.09718382165864,1.06601774463013,1.153417475993,1.16013002399623,1.28588791197014,1.23451814099573,1.19999488428184,1.21293374992743,1.1935953733539,1.20060264639277,1.15670360708274,1.11471248474688,1.09112486265808,1.05875318727723,1.0538738149952,1.06630146073151,0.99891349266191,1.11837303113011,1.13657340305778,1.03276348759115,1.00539815850034,1.00556901684165,0.998553228001924,1.00159807370965,1.00607208778262,1.01202622213303,1.02371339916148,1.0158226222675,0.934594463727154,0.9518303830026,0.954149718472632,0.932139556668568,0.943084685635314,0.92369193113167,0.909584087883157,0.905565072630791,0.888542942878925,0.902213557576617,0.902088066518989,0.900002467849062,0.889979153898668,0.877864137277472,0.872573551632075,0.86481134159805,0.87466649963871,0.861885358368057,0.847806297449948,0.843310125168572,0.843662236747546,0.84455825970131,0.847883278701612,0.83258287956593,0.880944545143882,0.845642538077135,0.816308221321747,0.832186156459096,0.838618445353495,0.833066549523398,0.824205924258106,0.815821263164045,0.814979343922795,0.815880544592812,0.816667956640868,0.80176843529511,0.787770824314937,0.792966229092895,0.790026567426567,0.776071567652307,0.785712655919602,0.784363214547959,0.782476698622294,0.800477985949757,0.802012916635863,0.799723990355109,0.801555892392567,0.801510099518047,0.802262137053451,0.799543643904521,0.799495529267434,0.794733479986246,0.790013111722391,0.789137933227039,0.793770289167231,0.788383294389839,0.785761153769977,0.781037936343165,0.780389675821474,0.780019415923065,0.768563184507546,0.769100822032381,0.767355308976627,0.758845964558595,0.75432773644497,0.754329694259973,0.755533580820532,0.760815660125019,0.75765266750424,0.756999804414062,0.753101640578626,0.75292619759629,0.752816275583766
"2408",NA,NA,NA,NA,-5.35991738465567,1.25078157299224,1.40675809847238,1.31335093738492,1.11541945164669,1.01110147169225,1.01702613423616,0.910597467723602,0.680605536326502,0.968454908767698,0.963892638986616,0.915891217504649,0.975781929312638,1.04462789835292,1.04438235662242,1.17508136618194,1.16956218927554,1.16542636703498,1.23135516577529,1.18126498940358,1.18980096760956,1.15376111564285,1.08393194121808,1.08380872859049,1.08390306182502,1.06050603500495,1.01515059351771,0.938629062948096,0.962733690040935,0.956559517820346,0.761459323068915,0.74590243303732,0.746177156962143,0.746118108785001,0.714025398047558,0.705357586255822,0.705490689071443,0.727095990827728,0.727080415837623,0.747921830049353,0.728600627494706,0.727235197838271,0.702687162538082,0.677737669845505,0.551830084977838,0.523505616861155,0.53049444527882,0.518501449568882,0.492095251022362,0.493530854466215,0.495037881870992,0.499660405542373,0.476301922515557,0.471195609234311,0.438351094541628,0.440277106628784,0.440447361054483,0.436429521101051,0.415843201906507,0.414692720547428,0.399576639722953,0.404856849649218,0.405058617634555,0.388251622747654,0.388925969582867,0.389212671840109,0.39969234865118,0.404561344974117,0.404144281202733,0.393221810113886,0.392191170410754,0.392392491220857,0.383580459806838,0.373752725277121,0.373488592750845,0.377390998967802,0.377154951378234,0.376807729621018,0.380717312125985,0.372343121138517,0.372070517069216,0.372564930946784,0.359485041959492,0.360114006764269,0.3570469267284,0.357857729693168,0.357870844575562,0.358281736580318,0.35916734653658,0.359107002252756,0.359042936713726,0.354216627632025,0.354100602619239,0.352132770371819,0.349160258963439,0.349124334626109,0.347549624835681,0.346132173596967,0.346059363274904,0.34232080610793,0.343895344394846,0.341239245154663,0.313956629807254,0.323325089347225,0.323365022936356,0.327813441458382,0.319724317246606,0.319440745427159,0.324488188925124,0.321191570931429,0.320870274199095,0.320489719038984
"2409",NA,NA,NA,NA,-30.6093256266939,2.01805417728888,2.26960137380592,2.18209811249329,1.72608882364129,1.65276870213621,1.65239274138697,1.69413436853372,1.58185777075048,1.19998895622389,1.16975545851786,1.15900190251304,1.18031758993104,1.22932605575587,1.20279758143256,1.09688826638769,1.08363266027817,1.03790619094183,1.14703888892384,1.15160456878695,1.15904770346853,1.13839448910385,0.990074008210918,0.985667740020616,0.94438901585122,0.942594697024418,0.908982201542929,0.875893240366291,0.839256043319933,0.849686344215436,0.800591210350005,0.762896473548544,0.758878188205605,0.832111730609125,0.799762043835882,0.786127436705191,0.791662990551978,0.778288767872003,0.77870300140339,0.785158618021534,0.765292613455675,0.742427496771553,0.762507765180091,0.702540833863428,0.700164739193175,0.688801109653873,0.680133801489832,0.679762483518524,0.672981341613011,0.67274667720418,0.650765622748202,0.61704496345569,0.55941723911753,0.558286171553888,0.540366679068162,0.533108047664562,0.532579143681871,0.533174803021392,0.548272525291785,0.547376282121557,0.541794847529863,0.532757431592011,0.528585896379127,0.523306943687939,0.520915156793146,0.519198981165653,0.551841486915335,0.542776001770449,0.53818852912624,0.533544419877152,0.517484575172065,0.516941380023584,0.517986333911598,0.498001443951447,0.489368708766198,0.484395317050166,0.483879401612855,0.482512321730583,0.483967220948465,0.483926138359716,0.480121203765927,0.479080032629214,0.47890059362937,0.478234595150815,0.484653555673308,0.478970334574569,0.467327500372077,0.456122926904491,0.474410418828845,0.472817119704087,0.472914259549519,0.474353533006189,0.474298827350599,0.478291775422711,0.469119193281007,0.468925257725402,0.469957754222131,0.464580562539876,0.458012739992346,0.481602649051503,0.482421514476821,0.48367309895373,0.477105694927357,0.475161877797196,0.474974579238425,0.484897395372813,0.490778679801723,0.490875278002361,0.49546356185371,0.49939821626265,0.499966796575284,0.49806824250527
"2412",NA,NA,NA,NA,-70.7575528956525,2.1285742245168,2.16698394081254,2.18770143478738,1.12636531451726,1.11886277128508,1.15441862417433,1.11633903566022,1.08396329510198,1.34439847053801,1.17399553821074,1.12984490880136,1.27511716389138,1.29522977985568,1.27158264807314,0.981136208806388,0.952750119776335,0.889315506224422,0.943444512537995,0.911731909970104,0.915407293325763,0.902424968330329,0.789552106503464,0.777699780905278,0.72526566293383,0.722427705633222,0.70705327487401,0.623470280363126,0.717851158662443,0.734391307837476,0.546582450322999,0.542951066686751,0.542508027726897,0.435577917497881,0.356640777801134,0.358181393477821,0.363300294100667,0.345233831899943,0.340855683812504,0.365293836601403,0.380043400503174,0.377552244743961,0.426378305028761,0.439675531915119,0.43962245347901,0.435699054680569,0.434210353094739,0.434285859994686,0.430481366300619,0.430117978248663,0.415523893369758,0.457431801497512,0.480713944799469,0.480480789782458,0.474902413792239,0.476196846803876,0.476246840025782,0.475340182793014,0.475946809789464,0.475629224979122,0.481661033338323,0.478872157721164,0.479358195654009,0.45976340406094,0.456575438669394,0.458856129334263,0.46544806464574,0.45867718788116,0.458640539630035,0.460194966511862,0.462948584726591,0.463067423868123,0.452094919326871,0.45820917631703,0.460709265958029,0.433370520259841,0.439348419899722,0.439130830379072,0.438936854385546,0.436605840208464,0.435501388982611,0.433934228381816,0.427324459283506,0.422917922478676,0.450270624583532,0.445164121611278,0.436308416659391,0.436407006002284,0.444064348945862,0.437469323826661,0.433414357741829,0.426715080541787,0.411540084491746,0.424709199130771,0.428989335583563,0.429000497692114,0.42568787247344,0.429054883636004,0.428893187419906,0.423706458341162,0.418102603573979,0.417942717651834,0.404106674538845,0.399659296134336,0.399731290795024,0.394222749101105,0.399964884824739,0.3999230697082,0.405481845425716,0.378631986956105,0.378705576327933,0.378073112538928
"2454",NA,NA,NA,NA,-81.1654249107975,0.942627080740175,0.918605231249714,0.801958466698793,1.22419794828626,1.23991210272232,0.990662736756678,1.08365727278405,1.08912123839467,1.06945106318306,1.05834514890332,1.06057872312471,1.06280852759474,0.97159264706637,0.892854211520056,0.853776968040467,0.75195697534737,0.758310866125708,0.715368125473337,0.630784905105307,0.633997040247288,0.628490196285962,0.669251181902129,0.669776891970894,0.638660716415565,0.638339607283449,0.645424019035937,0.754437475102036,0.630045306844494,0.626566844882991,0.385304059537721,0.420627934496966,0.420503452967257,0.443870121061847,0.466517238431882,0.46493608029226,0.464148124821424,0.499611972020047,0.499599278833033,0.543996517282223,0.47755382879301,0.477399733036162,0.401229698295574,0.400617987640985,0.40000209042525,0.404552186828385,0.401273919307992,0.401341739341204,0.401909795559231,0.401971592041138,0.400533517411114,0.396321263956276,0.401504440256134,0.401396327599144,0.423167192129913,0.412529089855832,0.412696700556032,0.408612524561341,0.435059490868353,0.435211993303403,0.429952325802264,0.427049948467536,0.427504121593867,0.458065178180009,0.455704902870363,0.454001698991916,0.463883736917003,0.489421078859313,0.489175352625053,0.494698187677003,0.487997306694976,0.481737661049319,0.480334281108719,0.457667549763252,0.4603714278765,0.488215067841509,0.472224933704539,0.471744257522795,0.480219002643426,0.470083366197291,0.469216225943232,0.463655379294048,0.49090542036595,0.491382764224183,0.502901205807446,0.497500213741387,0.49402881753147,0.494102954402481,0.497928344176342,0.497022712414988,0.497325661093345,0.497398508561895,0.497136994271119,0.496944551298547,0.501437358100412,0.500526672771816,0.501352758661146,0.503261907457192,0.499002110819902,0.504316299416716,0.507269650781779,0.507585862009043,0.506460098133923,0.520483305055218,0.515873357469788,0.524686350815066,0.512405496407499,0.50901700197504,0.517920350381797,0.498129762698779,0.497771827328321,0.48948426336698
"2474",NA,NA,NA,NA,56.963922293048,0.0497112040212682,0.0359371353371395,0.0344598864226773,0.787299529666508,0.789903795492895,0.777049670516813,0.866672133123414,0.854514807059772,0.769226463281796,0.774562724117231,0.737818519922561,0.706370375584699,0.768193994301529,0.743110882988331,0.751031198587647,0.735266588051199,0.743433198248505,0.673779039920579,0.606830086925277,0.598141308651598,0.589256288215433,0.601897815950349,0.587802726606637,0.591150056473432,0.594698591287575,0.59762526099898,0.387702029906129,0.501494173438168,0.484269466891626,0.498477323264818,0.483567230490149,0.482935115221049,0.567661758812591,0.558524368291631,0.558529603779304,0.55511897019167,0.594680215923457,0.594991691731751,0.63347945965833,0.617887080558655,0.614824488452113,0.595348075743271,0.639187667300517,0.637588252857267,0.628197796658461,0.625675447459689,0.625752451479175,0.640648220960931,0.636792023631111,0.634807254514076,0.638013449603443,0.592669026238705,0.591371619528439,0.583409005933938,0.585836761632688,0.585553285089575,0.586585020957502,0.587503438874128,0.587459427375673,0.568177471801707,0.566388266655564,0.567167732865327,0.578501378591745,0.561396277116017,0.564537008703582,0.540635909875082,0.54605706928517,0.544002591496483,0.556020538950411,0.552723483189557,0.550078969606257,0.547565376553183,0.554495556390852,0.5574353370307,0.577322668696981,0.582311986211966,0.582250064326314,0.558460749572409,0.550942160045149,0.545204997321589,0.544538880485481,0.549036568826497,0.550038962405577,0.546878659467716,0.555282213321285,0.554201218941548,0.553038185023335,0.545988802241415,0.542087200434091,0.540448382503104,0.544675625168513,0.544031877995328,0.547314454486239,0.541169764661127,0.537523275537106,0.536094409905107,0.533687968963663,0.531761166250696,0.544456757171396,0.54160311054736,0.53156480812759,0.553463381745682,0.547903507483883,0.547993000817216,0.541795654508898,0.534259092403467,0.534247794302517,0.533749550119598,0.53864214448338,0.538819224728786,0.539379877556123
"2492",NA,NA,NA,NA,-18.7687549348991,0.660147234407337,0.507361113145364,0.477643134095982,0.931659058473824,0.944372296385457,0.931686001369903,0.916423280525928,0.721738028403565,0.95040800276436,1.00250287938362,1.00585368324078,0.955775171465737,0.945324702580578,0.938751335432762,0.996877072114765,1.02020177002178,1.02938636571164,1.0497997356514,1.04609508419472,1.05277691673298,1.03409292958582,0.944656166846178,0.942722620991389,0.925892968133126,0.919368697581697,0.908864554864955,0.910721301363763,0.905314544988739,0.919022259715612,0.810587641247834,0.81045956173434,0.810753687707063,0.837575364890538,0.864274902912118,0.859197178562282,0.858215477142381,0.881758585696598,0.879980296109584,0.891156544446577,0.888102992502958,0.886920354899509,0.896165599454407,0.87587593767715,0.875318755604111,0.8744393565098,0.872474881096018,0.872493174349141,0.874341581558831,0.869808462737953,0.86624425303804,0.865279384998897,0.866174404861876,0.865447111501034,0.857802510625855,0.856134065602419,0.855934937537238,0.855029842759619,0.854514245089603,0.853794374696248,0.848794781709613,0.852596947446338,0.847448922362847,0.874437107335749,0.873967542134353,0.881365120465417,0.855005343112095,0.865455791886755,0.864783629063902,0.865584296377779,0.861550731730435,0.858246096030585,0.857145034209169,0.848481798449367,0.844368622528074,0.843968112270686,0.849717809092441,0.844185469373167,0.829759231666315,0.849645390073562,0.844015383284996,0.844813750955541,0.839006123067653,0.823369629642265,0.843321843225087,0.83503830520267,0.832283500490127,0.825994435518581,0.829709512891394,0.829088725020898,0.828735358658426,0.828861462047015,0.828524642242741,0.833542578679217,0.835194005059689,0.835329227901687,0.820295498455228,0.801729365080248,0.801713672972034,0.80642972062021,0.786780961197229,0.789138383009591,0.781810875378433,0.718941105744977,0.716820281307479,0.713301026260432,0.704253711417846,0.6828574671305,0.636468769988083,0.548959966518437,0.549910516583455,0.542629223201761
"2633",NA,NA,NA,NA,-0.0111703430732771,0.687549414266646,0.296586844724865,0.130424860609664,0.0440530928702728,0.122300890521293,0.123736949819467,0.174404643959203,-0.0221312942092399,-0.493988660835179,-0.476401735697293,-0.132614518985682,-0.118613959202396,-0.0749147005504904,-0.0920850078763657,-0.111493908542762,-0.150749630279502,-0.142212632776124,-0.109050316420141,-0.089356659509281,-0.192992610102342,-0.187955403973143,-0.109955363445116,-0.0577300947564236,-0.0626256176256379,-0.0627959206975094,-0.0625903711793039,-0.0600651919970883,-0.0322884935814192,-0.0132334050165678,0.0127023319169993,0.00460842524727203,0.00579755958840357,0.0306866084546579,0.0579481435629856,0.0736354494890269,0.0704492654916784,0.0695739201165039,0.071743369243228,0.074400597195524,0.0759895217306302,0.0589584434009012,0.0558221120597539,0.0776466510820347,0.0742658083005366,0.0796337305540132,0.0900811404190461,0.101763179015689,0.0989155492419293,0.098568429361397,0.0988053863680826,0.0970553905951233,0.0982279828003256,0.0989083362932089,0.104167546269317,0.100948718940947,0.0995152388805796,0.102517314552561,0.102824402907865,0.0901442363141909,0.088143186165486,0.0916140222537157,0.0924126293008882,0.10023658813163,0.101507007904,0.103715011874983,0.10731313064156,0.107875362166359,0.1068708574236,0.104262574152983,0.112156888445925,0.104403011262725,0.0931066345391295,0.0833273572593283,0.08332963460056,0.0936269122325165,0.0946425981495271,0.0954417507848728,0.105757117297626,0.105339306914295,0.110293755642622,0.100450134935758,0.0832759982186005,0.0819036518038101,0.100007836982161,0.0972825061545903,0.0971847485712386,0.0975259791702756,0.0973458138030378,0.093387824968186,0.0888385481516985,0.102248084959492,0.10213898134288,0.102557857441964,0.105358873929667,0.105327838182982,0.10620832727685,0.107399610520962,0.107446054153441,0.108787591544843,0.108695702570321,0.108301655783684,0.119664456038498,0.116714484980542,0.116629879363409,0.115967999539732,0.121444809814204,0.121404301230403,0.119503244629578,0.120344618492992,0.120555415473313,0.120139613476853
"2801",NA,NA,NA,NA,16.2630872808566,0.432949853030064,0.481101311766748,0.484786278315296,0.559904996979632,0.562789579026272,0.581516756033313,0.574795950441303,0.577641368295784,0.526504371946342,0.541858254437028,0.543755095311851,0.549335370762276,0.539394637426871,0.511442513406089,0.527284857073373,0.563074824484935,0.550733231105881,0.592868697534805,0.614364609609296,0.548748211907534,0.575931274961089,0.678459034223705,0.676388022411509,0.651293581489192,0.653061167756759,0.657361819678327,0.632525667437386,0.653973035350917,0.631486677981703,0.754953781295132,0.769918622495194,0.770193815937491,0.786168330965437,0.807482363306204,0.804876963284633,0.812038933186928,0.804100549416782,0.804530612427231,0.797420134284949,0.800994209668014,0.802754592377096,0.806965814560769,0.801545503473644,0.801568144533607,0.806487245892194,0.800255055043814,0.800403114860583,0.780353166875665,0.780373388048327,0.781557815904212,0.777424077809583,0.778344543535708,0.776206661598162,0.764267260446514,0.762447023820903,0.762748234459338,0.762637510599332,0.761516750896513,0.761835631947098,0.762081323687359,0.765078976302101,0.766127594337705,0.74124188059853,0.743224400130799,0.750032820815885,0.741090280126752,0.712005641714739,0.71159140542745,0.716108516810768,0.722174165404466,0.72179827523114,0.723385053201347,0.727606148771442,0.731421484315527,0.737922461397101,0.744672345998232,0.744592098125175,0.742165510578673,0.747118911804843,0.746481515091763,0.74625207728984,0.727611956553354,0.729007413642856,0.713089962477856,0.706842714973392,0.706886743248005,0.70779548738327,0.708002305371196,0.70797348000923,0.707989456336948,0.701594447629416,0.701728505172355,0.702686892129724,0.70598921604296,0.706045975151609,0.700906382499002,0.701944335684894,0.701996468657899,0.697378108262675,0.697544901249401,0.699187665020015,0.691263321300598,0.688221044242464,0.68844841638318,0.688406064627469,0.68833024298135,0.688449095470754,0.689252359103229,0.688217196902077,0.689193785354909,0.688641534409041
"2823",NA,NA,NA,NA,-8.29252077986789,0.394416341163596,0.42884037709745,0.391407810641804,0.809315962189429,0.78629403613828,0.817560589881244,0.697222952238494,0.697760250907396,0.425739963419528,0.459047304159735,0.453940031400778,0.623482408261736,0.673967008208494,0.677870741008443,0.727825147476847,0.756871548171759,0.765516583158316,0.714010842133355,0.656504116911288,0.606457957797199,0.618259854008066,0.6570409888107,0.657706875890137,0.637657717590173,0.638854791891715,0.63799848924557,0.739755222561884,0.814546674318328,0.80026689573409,0.897475605948123,0.897649539431444,0.892207057573627,0.962749870441179,0.97578598461015,0.971438380289376,0.971846149045154,0.993067866732296,0.993175479812891,0.972150938232502,0.977816238028316,0.980202694933816,0.964720532464027,0.984141862705991,0.984085455844573,0.98526116503758,0.985492310094465,0.98520997229623,0.963088136960387,0.963448473212971,0.964332184741365,0.953848100066599,0.95599423655718,0.956151916873562,0.958237848621631,0.958923117083899,0.958565330957583,0.957113285705278,0.949474732299689,0.947688538547797,0.945818358278992,0.9512177214227,0.950601875761679,0.905750351485652,0.90358100840867,0.902073534680996,0.915003619977037,0.895916536869101,0.895887827406802,0.898199046825368,0.897289213429875,0.89762755451963,0.886596046694576,0.889445265272604,0.887594103163964,0.87871463353275,0.875178198388941,0.875133994957726,0.876891031940401,0.87360489974199,0.870783015700056,0.869758944005106,0.858646812157556,0.858931488820099,0.864272680586412,0.859801712745488,0.8595795127351,0.855242023541183,0.851880719788436,0.851871363881853,0.851896594993253,0.828750558964561,0.825281738649533,0.824334879144169,0.826036504416031,0.825639441271617,0.819697465859562,0.821902047431452,0.822473718254901,0.813879580830032,0.813671232562677,0.814297136217383,0.805260876749943,0.80157723170515,0.801451501502433,0.794866575319624,0.790563566745861,0.790827630006633,0.79035535305069,0.777461201983992,0.77870522595618,0.777490465799276
"2880",NA,NA,NA,NA,-29.9778489385885,0.388891244359511,0.390035246078695,0.392681026694524,0.542449183191827,0.527431705866271,0.541187594187387,0.499119930038169,0.499666194415771,0.649338678020037,0.689086987497896,0.687815971104033,0.649455268355478,0.514867504966588,0.517007949452485,0.563744044399719,0.575654420857011,0.575559667276247,0.54305981756499,0.584809945952581,0.525570815504002,0.55139255027457,0.678027222057191,0.677327890552309,0.650117203781586,0.652198030036556,0.660796042041551,0.702371069065073,0.706983104146603,0.71118725120788,0.777315264936488,0.788449897059768,0.78495226493184,0.836830232841516,0.856090234420472,0.857810595189228,0.867023872712306,0.876992101960201,0.877450520378121,0.869304913002209,0.873265430741097,0.875083556167504,0.859551410195,0.871453413678748,0.871186221349064,0.873715436669135,0.87202408052929,0.872097067757449,0.861079248038472,0.860785449099621,0.860234787207033,0.85156058766489,0.85244868777046,0.851356169435097,0.850497803463181,0.851162173341107,0.851487979836582,0.851787108277624,0.855961257378039,0.855988244018774,0.856000367525001,0.859991016809942,0.861005162427205,0.844347125090094,0.844450437990856,0.84889070128123,0.855895772449895,0.845096331999902,0.844891976365796,0.848582675315265,0.853086648542934,0.853316822888518,0.850988181874765,0.856855384682832,0.859319311977366,0.85810352614896,0.86335987450709,0.863266729143978,0.866186023232494,0.859743036921659,0.859789940269691,0.861104335876179,0.862885709746819,0.863815961254721,0.865427323358566,0.86437143075524,0.863954589131749,0.863802441345338,0.86179959956718,0.860847629571427,0.861089393074149,0.856840582703164,0.856998424562868,0.858436819116352,0.859876293199491,0.859885514612742,0.858853082138026,0.858816719250477,0.859350143248686,0.860176787519989,0.857718968809819,0.858583540486831,0.854128370568776,0.8498838447111,0.85017230659369,0.851248352509461,0.848931803538134,0.849297226598911,0.852460984069433,0.843167794027825,0.843370919701404,0.84336351548114
"2881",NA,NA,NA,NA,15.6931809152516,0.397995125568436,0.478724233297348,0.481103639841365,0.710020024893454,0.682757828420356,0.70857667397496,0.661758655133259,0.663958297289752,0.621819527083475,0.616208783538511,0.614442130498698,0.741014736463218,0.790844862183213,0.791534422583569,0.722290924303758,0.666393510197504,0.674253171052207,0.630853675078337,0.598882439858634,0.600428385813492,0.599999183188289,0.637578935105034,0.637956328239268,0.62369583284962,0.625908071441881,0.63384106211422,0.660405703787925,0.704818152210739,0.646124585724784,0.845979789734659,0.843654347990689,0.842150452188839,0.819738711780612,0.819874982155625,0.819752061322713,0.820716082089146,0.823471541749135,0.823830974419039,0.796601876466585,0.800028114903065,0.798362777608382,0.818139949528939,0.814546571445681,0.812133919667467,0.81179278211011,0.809257813089924,0.806762617118064,0.785706543573007,0.78086089759879,0.783275247698898,0.780522503885796,0.794319821259754,0.794066780050144,0.794909697864405,0.796712780395647,0.796864195010697,0.797179726776571,0.789386103665676,0.788060935974046,0.783677297776768,0.796053567207794,0.796785570970303,0.75345364258304,0.755229231278911,0.758993730872157,0.76830768486019,0.738771196633994,0.73852482814912,0.739553186702367,0.747184742953275,0.747392754926565,0.740662814648751,0.753228615408536,0.757688227467506,0.769896886656228,0.776070152700321,0.768326594925692,0.776216816959712,0.765067232217303,0.747826993048679,0.730183133212422,0.756523930372623,0.757576127543899,0.757963105710151,0.753097312282811,0.752948523089815,0.753110061844558,0.732538629108561,0.732397077746058,0.730253905068363,0.714787117628086,0.71489218041619,0.709127497105664,0.704215189836847,0.703929594390895,0.700195636010092,0.697130641218879,0.696903432938902,0.697051274723708,0.696550582416275,0.697187287200234,0.691483983543675,0.689879798188897,0.690072479116617,0.690760685170005,0.695280394258222,0.692967007048015,0.690493916887123,0.690015214080894,0.691209266086801,0.689424095270283
"2882",NA,NA,NA,NA,24.5527215609958,-0.295709507837214,-0.347805570162897,-0.35103829843002,0.0685027084411926,0.0680307726251693,0.0708597329693406,0.0114265838310397,0.0114883119163777,0.0199870476452361,0.0294106257705185,0.0295095148523143,0.168105094318881,0.161194612327612,0.162132025049069,0.172024313087777,0.201783227563738,0.204117784347409,0.18889106592293,0.223239114778894,0.221693335558485,0.221231111193759,0.363104593544447,0.363471668172604,0.328740965667502,0.329699257319952,0.333462895805659,0.356834547750975,0.367548048533949,0.374625947733778,0.413858396615664,0.435756957764198,0.433582076268468,0.435424775815907,0.432869490608111,0.434265379733032,0.439756213363506,0.440385661301004,0.4406199118736,0.434720163649917,0.442229820657798,0.438780207036108,0.463902291924008,0.472254102235714,0.472177299101542,0.475859828137902,0.461340689778547,0.458497253749933,0.435273966026418,0.435793996183164,0.43651372961984,0.441514833259916,0.47184257624094,0.471800222374995,0.490352905222453,0.488163648331914,0.488067796016519,0.487329408564908,0.487880218384383,0.487947067960184,0.490136149118699,0.500555721472733,0.500555146231672,0.462881844243838,0.465607369732764,0.469225794846503,0.47560070697099,0.472073718785516,0.469987009509754,0.479054661092514,0.490842909683857,0.490576310556334,0.487317929115943,0.495218300737194,0.497750247638731,0.500314826730112,0.502761098970483,0.501670859199407,0.510141163033175,0.505103297700997,0.50517186427508,0.490534066451005,0.508631278886906,0.509385475372206,0.519856917773794,0.521826020499989,0.52155158475853,0.522364969736526,0.505386653598217,0.505341192644869,0.505422706912318,0.488857090240086,0.48892816927544,0.486907912724162,0.488279924462628,0.488345028988641,0.487823333653789,0.485424978309694,0.485026340531621,0.488611071962935,0.490165245972745,0.491040594323371,0.49087378947393,0.485721457484203,0.485827892666925,0.484828170199165,0.483642544247541,0.482469439364627,0.480263915599802,0.47856408309456,0.479198821068527,0.476819834815996
"2883",NA,NA,NA,NA,-1.34363359092454,1.27841484944345,1.34221064406019,1.35661742480954,0.879776148114608,0.863791184611706,0.899343492283025,0.887915590042831,0.882396488872539,0.755305332038254,0.782561203350941,0.785117475746276,0.804963859025841,0.83875321989818,0.840708885943627,0.89783669769867,0.901260846122601,0.911454297441754,0.882045836916926,0.867897066763067,0.637145160085064,0.666791203061913,0.808601449838017,0.809317769234045,0.784315986550386,0.785733628707567,0.796348324450459,0.804129695278168,0.868461978624336,0.886869994039384,0.741212834290166,0.772782846962942,0.772992523463059,0.812231878885166,0.846884704328278,0.840052584220242,0.825312534258703,0.852186479865415,0.848767470496704,0.831401955070888,0.827706485288354,0.82960225917897,0.835314906511914,0.832382402044178,0.829421565114345,0.83279384047588,0.826216632003152,0.825106722700038,0.811503228492434,0.806562103379252,0.806548651646617,0.797234683134439,0.798639676714814,0.798315735892912,0.790584544708802,0.792170228850902,0.79178639356005,0.792414755077759,0.788373270333158,0.788448048251686,0.788239404517918,0.788379504379437,0.786570194444044,0.778931808814878,0.781531775409758,0.784057406325282,0.787901049672028,0.777073065157874,0.777038627192528,0.782179212781771,0.784277802120781,0.784521713833658,0.776645471027894,0.78708866481018,0.789487287100332,0.794510888684233,0.796864988000061,0.794327844635933,0.792138581982174,0.782586434825341,0.78213367859903,0.783584360917845,0.771701667793762,0.770701236219852,0.781849385137067,0.776827026760972,0.776866130097639,0.777838622826966,0.773078286878282,0.772993610521962,0.772610761712113,0.769667251614049,0.769873771224029,0.768751454997648,0.769815440065385,0.76983090249453,0.768328821294536,0.764880360757173,0.763562876312837,0.753545210899445,0.755397145556579,0.75627697342054,0.750838042565879,0.748683801400304,0.747080581833181,0.744679087886997,0.745903532571253,0.745228553169357,0.738745884497418,0.72985030351678,0.730486413255714,0.730473958716241
"2884",NA,NA,NA,NA,-25.4303070276097,0.243088606106579,0.291634456567117,0.294736725593351,0.527978293521741,0.399942859717412,0.406421886330738,0.363865266745345,0.36590898625996,0.753576559740905,0.771521753273872,0.76991667025221,0.808374388833191,0.855517731965047,0.860635400883118,0.790376132721063,0.76716690763034,0.762137600791216,0.717823003879451,0.721330954026537,0.651958774085154,0.68233726690508,0.797874787702069,0.798203214400948,0.778215936072333,0.780967321999204,0.786309363198291,0.818527778997251,0.790597293820056,0.787245798535841,0.832336655847583,0.807920067367387,0.807971921908244,0.818097336522559,0.835411696536471,0.838846555268345,0.848824485966576,0.831197158076291,0.831636871019092,0.815276192789912,0.813878882592948,0.814976266989327,0.778222749104645,0.827593813118807,0.827530642943463,0.830571786105178,0.827958389701967,0.828042047876641,0.813863323497973,0.8137340896646,0.815419315611799,0.803744261496023,0.804796879997422,0.804790668143569,0.814357008257244,0.808947984530167,0.808701471786609,0.80577494619363,0.811916258606174,0.809377992703679,0.805827246908981,0.811195521572723,0.809868621772714,0.776383050436483,0.770476861683553,0.772271482151996,0.795596153254132,0.793503493580786,0.793249922531973,0.795216797666108,0.79637462440285,0.795320644911864,0.795011593906678,0.80129553443521,0.805107256329155,0.805458629861893,0.813572184061063,0.81295119197202,0.816880175247683,0.801153129008516,0.799564729476162,0.794336974518925,0.790415240547254,0.791382180644701,0.794090345686099,0.790163389368231,0.789856337800242,0.790135109395398,0.793442512289097,0.793141694733161,0.793275990099704,0.788564778924459,0.788110200716654,0.789865510471941,0.790518571498305,0.789770975443653,0.789027976805338,0.788925773534127,0.789173437417397,0.783563740177091,0.780636982155742,0.781110256167982,0.781232561147041,0.775493214412997,0.775691008960966,0.774394773858153,0.766486423801398,0.766486328119736,0.763917551577505,0.752613272644613,0.753729477126972,0.751745059753417
"2885",NA,NA,NA,NA,10.0364491390119,0.786394883294298,0.8663729376419,0.875115516001135,0.842305140340368,0.830453223722975,0.83130127272017,0.816632390869088,0.819243584737707,0.928528870218105,0.908598101979096,0.911172407066235,0.93668108754152,0.966152073319239,0.971934715323823,0.951027848553895,0.920096760747164,0.930236918894757,0.888141452177684,0.879939391429874,0.857863030035821,0.855362503629803,0.936844208968807,0.937155902802723,0.893780446112582,0.89524119972862,0.90807006824124,0.897132694453088,0.942046998760331,0.951479326983547,0.933797570819236,0.959112588691166,0.957896427593504,0.94832682082761,0.934046458431144,0.921483274631173,0.923326533560926,0.920012254586502,0.919944665074037,0.90701379552212,0.915089812386685,0.907899023288935,0.935781102783109,0.935990276294181,0.935952307171115,0.937736771904793,0.93799428912896,0.937923212492535,0.927824003851186,0.918753729694635,0.917614566367241,0.902491455693897,0.903996867050801,0.904142263979434,0.90577783380042,0.904593338881459,0.896870263587299,0.896440220687125,0.874733193768559,0.873683078203966,0.871657723833925,0.873559986998654,0.871439788761608,0.862746765738546,0.86511138782139,0.868719250664288,0.869383009844399,0.856593564480308,0.85658287124215,0.857959334382965,0.861857281401484,0.862083097506141,0.856598804143658,0.862221413592851,0.862600057918576,0.862292460216219,0.86265056829836,0.859314183077109,0.866934589649726,0.860286234749983,0.860043014607369,0.85294404483658,0.854895657236412,0.853423723371581,0.867001577215397,0.865545326318841,0.863228088797024,0.857606456432991,0.857920135565907,0.857844442544323,0.8568058263595,0.858194264936897,0.857855581605853,0.857832322614499,0.857585356417926,0.857260845346049,0.857225470428346,0.856332999968467,0.856831184221513,0.85485890477867,0.854792938273989,0.857221123010588,0.847992879900569,0.844545582766229,0.844449290396209,0.846376262416334,0.841349280209933,0.841694625704801,0.840463523932568,0.830118352873872,0.830756600207602,0.830640000847094
"2886",NA,NA,NA,NA,34.1513685446102,0.175704564033673,0.198428761329672,0.195694403447282,0.57888933606477,0.53766862477292,0.526070573010092,0.516863581822424,0.518652445629888,0.786664324059807,0.808600286501763,0.811417029046806,0.753154220908167,0.745947807563109,0.750276113075447,0.769809221126481,0.752539771820745,0.757971605218204,0.691857294292505,0.685701042760495,0.683796001621293,0.695324777950975,0.787467023140797,0.785297939041919,0.779559728983709,0.779686813757081,0.790872824090974,0.782006828079886,0.840511739224445,0.809088430948858,0.950679977263583,0.938785066497617,0.938937072373886,0.877128543457061,0.890939438778147,0.880398879726404,0.877103768206627,0.817363356856134,0.816928879628319,0.797777350515855,0.816442509242807,0.817991737139123,0.78879594612401,0.798946719441955,0.798224833332861,0.800924516403113,0.801427761004752,0.800554737266848,0.785500441429484,0.783490597339778,0.781105894281958,0.754357450033052,0.767664279029627,0.766422403913475,0.766043970820842,0.768622679867304,0.768847290598848,0.768935119254964,0.76070659123065,0.759532946294227,0.754809164344019,0.764110856641575,0.764620508444992,0.735535401864007,0.736690490343805,0.741553146335187,0.743696169578563,0.735907308882872,0.734273352729765,0.734253828393807,0.737463131879946,0.737457446561401,0.735310976448869,0.736032461164191,0.740358800216395,0.755171588601307,0.761343348136478,0.756549225726928,0.770663818285154,0.761934116471602,0.758279556119351,0.759987322777462,0.752771879727917,0.753615812386885,0.745734544439927,0.745272882576702,0.745319356192209,0.746261055442846,0.748884926137682,0.74886919928591,0.747799253721447,0.739665217082975,0.739834381239028,0.736296619395517,0.735092475048127,0.735205729971775,0.73383536885625,0.732476157608822,0.732699978043901,0.733825555398257,0.734589097706377,0.735515625318568,0.731244436287272,0.7276986618287,0.727902452905086,0.726029320857911,0.727925015344152,0.728010099104636,0.726449246805411,0.719764247722542,0.721004338454009,0.719914931552801
"2887",NA,NA,NA,NA,17.0532416880602,-0.189421910153653,-0.229454177634388,-0.22802428593785,0.191678276610168,0.187872346392631,0.18895464196374,0.153941768886616,0.154639963286754,0.279791243283695,0.227558738435215,0.225148550695222,0.411418382048381,0.415855052589919,0.417758401640528,0.389510002477853,0.381878363309329,0.386357811179998,0.35782555520123,0.366497004871251,0.354749464682204,0.376118182869152,0.475187707767616,0.475357253277773,0.440815359789273,0.442060433976174,0.447471363997494,0.474889710879468,0.465285037469303,0.471161886845018,0.529225129815465,0.54052203529883,0.539307063495763,0.565157287127723,0.581558875494612,0.583427911280916,0.591006113158963,0.593727139279435,0.594008814599147,0.574916508297198,0.578758172134878,0.579584420021725,0.558775953093217,0.574028019457978,0.57393403827772,0.572233378672952,0.571711830859347,0.571846180187748,0.564033743456002,0.564462137766473,0.566298494924027,0.567799992765099,0.574392289053153,0.57416791890586,0.578187191429544,0.582103339560927,0.582152836131715,0.582157606141615,0.583877377024944,0.583064324150368,0.582140554567532,0.589004565560263,0.589818314597412,0.568016486985899,0.565996406783762,0.568830017982057,0.578987774722,0.573545078364043,0.569521005842295,0.579952096570723,0.587274939975543,0.587223572067623,0.586265582965419,0.594145256241174,0.596704015284149,0.595327354695556,0.598375670819756,0.598444726634693,0.602917685848576,0.611853647372942,0.611493681926663,0.611723276256411,0.612139467221743,0.613270814321533,0.59925434800175,0.593168689046773,0.593160612371219,0.594088945374555,0.589761690285578,0.58902110242452,0.588987702229914,0.586111496592598,0.586219959997803,0.584579877519095,0.585427857111117,0.585444757827918,0.583497550561112,0.584578784048435,0.584984585317608,0.58028543835027,0.580076877605374,0.580986188875624,0.57962363487528,0.574621622742335,0.574812888698596,0.575104167716183,0.578995926538518,0.578994178780516,0.580730053925499,0.577956706880593,0.577995916693538,0.578764099496715
"2890",NA,NA,NA,NA,-1.53860770134044,1.17043035616796,1.44335699109827,1.3665734668965,0.69460057337644,0.600424371343733,0.602441090696467,0.563174276110193,0.56215667294116,0.937846622966192,0.959456888372497,0.959475108551383,1.09538889137176,1.18137939994404,1.18727773285421,1.11615451049916,1.02437146376778,1.03641692961805,0.974821979287779,0.913737508817658,0.885672546296284,0.899813720151935,0.955640847656901,0.953937524174693,0.918238545002356,0.920535735948375,0.924308850357126,0.845772773810648,0.851767831295814,0.85700821252527,0.799260860312282,0.798800991366031,0.794740849776791,0.738845815633989,0.758151397763848,0.759839789073146,0.767201481438129,0.786619084891668,0.786973492273755,0.724798893404674,0.739389942784054,0.74102029258924,0.735765057425055,0.737230944464765,0.737252311258569,0.740250044195098,0.738459421207639,0.737614966028258,0.721526567330648,0.72181488383406,0.722457612711643,0.704411171541599,0.704020228312013,0.70413639716302,0.707052524740454,0.706301730741947,0.706584444317757,0.705592232319186,0.707308571433828,0.707518609045748,0.7085230780443,0.704988354940908,0.70594519873778,0.68304514662446,0.681151567431485,0.685488700047987,0.682932277417655,0.668248864348726,0.66811644841528,0.664562433540116,0.662676014049853,0.663018134776583,0.662040080371518,0.659556839706748,0.662133365437622,0.664594402952507,0.66912538679938,0.665604856035651,0.67535709432032,0.670667191348426,0.667123717215553,0.667930445961815,0.662280263502183,0.660754296880124,0.671714315709371,0.667452952596162,0.667287242805136,0.666178961651109,0.669534848404865,0.669393904678453,0.668996768271455,0.665350751312276,0.665387594730973,0.66487950272545,0.663912244390467,0.664015644151394,0.66199752976867,0.661583929255998,0.661846680913855,0.655985020396891,0.655476950912444,0.657326594840531,0.651762285009463,0.651746272957292,0.651882203990367,0.649423065263507,0.64679231803137,0.647069717000274,0.647706981584356,0.644896786651765,0.645386377817426,0.645466290126422
"2891",NA,NA,NA,NA,14.5625670138584,0.161457468661188,0.188423618134923,0.190272690823859,0.409215823887626,0.405534413377165,0.415692950771022,0.351756284461239,0.353364790603244,0.542802852093057,0.564823310819119,0.566800804613761,0.610206646399149,0.590007143161553,0.592127276951814,0.580384032213615,0.593270756391914,0.596737005921436,0.580128305800822,0.601364933864089,0.59180908050169,0.579675624893408,0.710156959833757,0.709321396535821,0.681697254418472,0.682292452047514,0.690151276736285,0.664854858651018,0.669282354001568,0.656493564679673,0.786068383247835,0.784652446958929,0.774360865746415,0.706040654597831,0.698653213914429,0.696355438111868,0.704029882410581,0.671462412022079,0.671812542085204,0.654273966184637,0.667006412340977,0.666796405749531,0.67689630904177,0.672616210880617,0.672635877612887,0.671505060244783,0.667890578001339,0.668040545335544,0.660809207409664,0.659272152102655,0.660132733085758,0.645485630512823,0.657055138288131,0.657147877788759,0.661482165787838,0.661886685540604,0.661577779906953,0.662025000484485,0.656605276547082,0.655924963401542,0.656030662161474,0.665373801642967,0.665955205097264,0.645564049891683,0.646408414822604,0.651502837681457,0.6617746626986,0.649553444051062,0.648737361721764,0.655487682902309,0.66288995947445,0.663008816237693,0.6611900460439,0.674911883166687,0.678572255935182,0.696827238335285,0.702544020019688,0.691235817610688,0.712666073979181,0.701484046441352,0.70121246329751,0.700957611449798,0.703685730637561,0.704464302515192,0.710684334043977,0.710018085100714,0.709627069127442,0.708026813541174,0.705435837802782,0.705149402928513,0.70525521014642,0.702386594204642,0.702537308734406,0.703319911018935,0.704885857765905,0.705006874506493,0.704209978136454,0.703351377102021,0.703667564788951,0.702263984221238,0.702968289481564,0.704046088400204,0.699695400645324,0.693378883930241,0.693614247957635,0.694074881797768,0.690404896164204,0.690077245935926,0.691467481367772,0.689111110442656,0.69021794073028,0.688775928882769
"2892",NA,NA,NA,NA,6.82149683856496,0.377123169273927,0.424875149444307,0.425707084752824,0.715996005602137,0.703477665520645,0.722309538256507,0.686243485567082,0.689270722454544,0.803381330194469,0.821367848540967,0.824251359620484,0.809650452012237,0.763923682535493,0.759996190970906,0.808247636709243,0.765535235017359,0.753806259240347,0.760416515635341,0.754006186530476,0.63604310057481,0.666347112645156,0.77833298497675,0.778586699999296,0.752945807978221,0.747601986975413,0.754710663447688,0.70760227857567,0.735107861193544,0.734184324161257,0.745491106605197,0.745174757291592,0.744945752057897,0.761115065240025,0.77122350930128,0.769841322431392,0.778863369482752,0.782642421315111,0.782843302992688,0.769435185239017,0.775571368112999,0.776181010670681,0.779979005678846,0.78800789225026,0.787874421609287,0.794776691037216,0.789163538243776,0.789026530821256,0.774680153079944,0.774823351421911,0.77642858767614,0.774832669046696,0.780734142916197,0.780669794198727,0.781965507457149,0.782055931822132,0.781832630997603,0.781842460083213,0.782244643128036,0.782534579543943,0.784279521009309,0.787382326632294,0.787954316293659,0.768271824678137,0.77092159521595,0.777783527461045,0.775592528580109,0.764785650440794,0.764512035237589,0.771598611727855,0.774508728875564,0.774871039777146,0.771751098955623,0.778066704932671,0.782600406546157,0.790606395201026,0.794426472210791,0.791671669904783,0.803078233576816,0.79815213367815,0.798258111244217,0.799955290106407,0.798938763176973,0.800232609650394,0.796868759723251,0.795915502667842,0.795776522308199,0.795698436052006,0.796513227487869,0.796407948324102,0.79595245848629,0.794173536965403,0.794284777598265,0.795036586855618,0.796814247108982,0.796939941425244,0.795417643824909,0.795976539925972,0.79515985186548,0.801130679584624,0.800390626188571,0.802360752728328,0.792370855116398,0.789441641484776,0.789679975713692,0.791270210738027,0.786900847077691,0.787152036189643,0.790430658125583,0.783467324434755,0.784660825265727,0.784034132149991
"2912",NA,NA,NA,NA,81.5612345736447,-1.33441925330849,-1.64116718862646,-1.65520042893331,-0.885899048412699,-0.877724561679687,-0.770282757668117,-0.600844800006435,-0.604231704766506,-0.205102645701889,-0.170832921464739,-0.164683726107982,-0.226182768703556,-0.0385245510928043,-0.0385432154717938,-0.0776889524827058,-0.204944737192145,-0.192243866245352,-0.0520182420097368,-0.104452530258098,-0.103020319693961,-0.0635769109564684,-0.0660879721183861,-0.0658848053857935,-0.0251039656713978,-0.0212951184669029,-0.0215680221376272,-0.0172205578988494,0.024776110699335,0.0245741108600356,0.16459521394894,0.167287420986332,0.164635422801931,0.0988342980556574,0.0855917195656516,0.0858003857533212,0.0918221829081376,0.0934650186287636,0.0934369133087387,0.135073345237812,0.134864898059118,0.13466527623026,0.133999649038136,0.202894850204954,0.202651164961366,0.206241431848497,0.205106013571021,0.205115463786389,0.215211564987817,0.21596071624416,0.215883186984805,0.209584200183683,0.263943411921868,0.263984527591625,0.265170144627197,0.265353377536553,0.26458991403826,0.263570009222265,0.244529901825502,0.23752478329482,0.251246274186497,0.247142206123935,0.245883782560123,0.244232571878483,0.245096503596931,0.245855227924829,0.274601428411509,0.287902229038461,0.287882087286125,0.288731572411279,0.290466673976648,0.289060388517588,0.284754457374849,0.27994110644124,0.280791583223618,0.272607797602659,0.276720057888736,0.274143919210268,0.295758555347231,0.298168628827582,0.297591887259555,0.296669952422814,0.293213446393516,0.293589812231074,0.305890743206311,0.311849603705488,0.311851117942093,0.312154309632173,0.31600161647433,0.31542608330364,0.312589800951458,0.305710886505387,0.304293736249376,0.311947320964106,0.308250823957839,0.304900363509435,0.302565614264722,0.298196808404498,0.298367156117469,0.312525196481003,0.310762104075409,0.311556653834181,0.31892672335024,0.316904219286551,0.316638012527886,0.31986685574964,0.312065130919399,0.311692127886001,0.31166531929819,0.317170438662428,0.314018521933208,0.30799680270786
"3008",NA,NA,NA,NA,-46.9200219748268,0.208641821987289,0.241173155392529,0.236000855613411,0.610615125660518,0.615305663806015,0.584255669672683,0.552651116133719,0.555413612767379,0.857959169825111,0.854212290988748,0.842522147738378,0.746595616962031,0.602014474841354,0.595409514494749,0.50392634716895,0.551177445188675,0.556590839657751,0.529791587203633,0.530938279440077,0.534800368739861,0.52673228641379,0.592545809702157,0.58673127884941,0.618516385195353,0.618019046237452,0.619694746852422,0.652270589011593,0.60661390375699,0.591640342401767,0.612868059159321,0.581076515212519,0.570192792817436,0.542469890716858,0.507134031184505,0.497512112204605,0.481227969598693,0.58318033458552,0.581785438429907,0.607368455449754,0.613811100661659,0.613544432323611,0.57093858018841,0.630072871942092,0.628562008320797,0.630251307804763,0.627766342996808,0.62645707642552,0.629006182276271,0.615262827241405,0.616167506972403,0.608245788809199,0.616220556653619,0.613346012881878,0.617713512428539,0.609230739848054,0.604168747076622,0.603667330947965,0.618758863404558,0.618614988077063,0.576725075918621,0.55528234071604,0.546822611409344,0.575419399418211,0.57444007675146,0.571238133792854,0.575610448362428,0.595843060725033,0.595374178544696,0.609187281432289,0.605381447007543,0.605248251838469,0.606052903544551,0.604353633234803,0.60787263053606,0.613929034340457,0.617081174088714,0.605627364232068,0.612169933790169,0.596469920285241,0.591104932068053,0.591004523137899,0.589269186507911,0.589537463880203,0.590407131903829,0.596658088228903,0.596169336879127,0.593361667556786,0.593723281936868,0.593608703402355,0.592216991685783,0.594226787912997,0.594328790828167,0.599142002427732,0.592747323181785,0.592848239168014,0.592253368314653,0.584503358664584,0.584733604548247,0.562100161836562,0.561381548163117,0.559161956459489,0.564424307978154,0.564938854514546,0.54884834433068,0.562604098746851,0.550563866545745,0.546477325349668,0.542443997182627,0.549926763911922,0.550476416571201,0.549620808453494
"3045",NA,NA,NA,NA,48.1970797434237,-0.290003416001373,-0.324948056680491,-0.314006855365917,-0.538024112874042,-0.422047975969507,-0.427356635188916,-0.367062155651539,-0.369147345672495,0.0410253576725865,0.0180234313061197,0.0179410065539722,0.0525761215822095,0.0367117593932105,0.0358784602664686,0.194317788216315,0.332550294333352,0.336475981493552,0.227263901583104,0.255754468506341,0.257649258407054,0.262320868800304,0.285730896897203,0.284883818796361,0.271132856559314,0.271473510090944,0.272329225972051,0.332087341979512,0.38295932045583,0.377781237964633,0.529740200250514,0.394500281570242,0.390219658679707,0.345674272080007,0.383296656886885,0.383505985061068,0.385058439159115,0.352779005796859,0.351970352340206,0.320800215375231,0.278760448368435,0.274421091528363,0.269893590085816,0.318193731126928,0.318189558791242,0.312514895057531,0.310913603158954,0.308843409655374,0.320136477835979,0.320460454443046,0.315958895604732,0.345264796714319,0.346627327686201,0.343604697846773,0.325181800672319,0.32155740915542,0.321053149066509,0.312330737669134,0.337247538002951,0.336080304200783,0.344766694214432,0.331886469512092,0.33162554519146,0.3095527220298,0.305184398576528,0.305718701848769,0.330054064021104,0.3068671907494,0.304504521199814,0.29204050530324,0.294303127381503,0.294442481276869,0.283085338421317,0.281893117053259,0.283487770251736,0.277216267403677,0.277729065112708,0.277581615354475,0.267364413548263,0.287671113515194,0.287710864993289,0.288163542171153,0.292478053086798,0.293025327192261,0.294585138136958,0.295671056683392,0.293962659811688,0.292621445527588,0.290922979416198,0.290877607751547,0.28926528410688,0.290864627641747,0.288783978663936,0.296100825898869,0.304390928234894,0.304287530063155,0.301367127611558,0.29832474843105,0.298532406737684,0.297955842593103,0.297232308495456,0.297874894888575,0.286143435015551,0.286686314047144,0.28631427876542,0.293359859749021,0.303936619521906,0.304055790241831,0.309319390453955,0.30460438885621,0.304647630339595,0.304610573845277
"3481",NA,NA,NA,NA,-67.2438762047539,0.489447272227634,0.341132714836238,0.344184138789307,0.72190553258662,0.725880469894622,0.756282475664241,0.670915907725459,0.672995753119436,0.515945006097539,0.394747800352704,0.396056136508553,0.422109915853134,0.393900820642275,0.385574115908257,0.355033192477947,0.327071274229415,0.294570704872214,0.390657849570513,0.467088181126627,0.467304718844201,0.467412686124367,0.506923423362532,0.504713183428732,0.505276441615799,0.50449205629413,0.45985113777055,0.464302772152645,0.395772711273479,0.404910601412193,0.414473289952691,0.37535249814321,0.375343083984859,0.412379731764112,0.425447900317182,0.421546779805557,0.421614649848917,0.461601832690996,0.461792911781448,0.495564625380407,0.480518696681114,0.475992959346521,0.461531712458512,0.484018344119757,0.47085437605014,0.455577465534892,0.454634043589043,0.450549925571494,0.432582548089462,0.430166315515324,0.414024103046277,0.396424064412244,0.344540221001873,0.344066712279962,0.330318992344959,0.319795027360398,0.319871238759346,0.320042737228603,0.329030044067616,0.329037368255048,0.32582262810189,0.338850142679065,0.333482612667132,0.363192742530749,0.364358712999032,0.364422422719766,0.39708404421023,0.410008380141639,0.409700089556357,0.408113334180445,0.409391928758419,0.409427645862139,0.410169461019668,0.38365061020602,0.38158248557485,0.387911453714763,0.386993701002682,0.385148720753534,0.401742304037771,0.403370672139482,0.403423750768725,0.404260074756906,0.403127059842609,0.399428566025375,0.4295454251685,0.424678724976004,0.422391332863254,0.420858229362903,0.430863382370983,0.430340301768393,0.430638334333291,0.426905069703038,0.426596901513975,0.428386112326674,0.417399535120106,0.417469586388534,0.417451326401606,0.413150891949864,0.409556834279343,0.428256838564007,0.429616628075533,0.430515381655917,0.420172401779029,0.416121928055215,0.415577314981492,0.424257613177079,0.429173038761151,0.429344771066575,0.432611078156749,0.43866434882284,0.438584306648097,0.438810344612536
"3711",NA,NA,NA,NA,NA,NA,NA,NA,NA,NA,NA,NA,NA,NA,NA,NA,NA,NA,NA,NA,NA,NA,NA,NA,NA,NA,NA,NA,NA,NA,NA,NA,NA,NA,NA,NA,NA,NA,NA,NA,NA,NA,NA,NA,NA,NA,NA,NA,NA,NA,NA,NA,NA,NA,NA,NA,NA,NA,NA,NA,NA,NA,NA,NA,NA,NA,NA,NA,NA,NA,NA,NA,NA,NA,NA,NA,NA,NA,NA,NA,NA,NA,NA,NA,NA,NA,NA,NA,NA,NA,NA,NA,NA,NA,NA,NA,NA,NA,NA,NA,NA,NA,NA,NA,NA,NA,NA,NA,NA,NA,NA,NA,NA,NA,NA,0.206667403169201
"4904",NA,NA,NA,NA,-30.0138030394841,1.90326642300026,2.34046382421961,2.20439951538879,1.70059927121331,1.72371262506687,1.77913141596412,1.74242880956426,1.73864812860085,1.4975856526557,1.49190319635203,1.49368852726355,1.41343055485237,1.39988594174142,1.39376667294569,0.991877931368464,1.09670732160179,1.09267467676058,1.09417454779855,1.09766961283199,1.0972949991542,1.07975310911131,1.01398635606136,1.00988494914501,0.966151318526683,0.966393233485571,0.977566284224524,0.794841683929879,0.880804629986672,0.89440507942584,0.939374197271499,0.73557096521211,0.734339378713372,0.700254913565,0.732771378501005,0.730550857767957,0.731554978997486,0.736722882518169,0.729716919469164,0.482272668875814,0.512716923500495,0.511162861329253,0.509969589636087,0.575883365271344,0.575887149709264,0.575715650004852,0.563416291322296,0.563086791279339,0.566776057778697,0.566321180434092,0.54982992547644,0.579553469695297,0.58800719091901,0.584937379133028,0.544276291286661,0.535374264454813,0.535166502651534,0.524669282619017,0.534923831626439,0.533477317477383,0.538818714421777,0.533965938546485,0.534385124516899,0.525815913236023,0.523398874680705,0.516932813181683,0.553130128211942,0.519504720531529,0.513674850708389,0.503274125469216,0.488688815729105,0.48721538410082,0.481870656729706,0.469784628243168,0.47248836252572,0.465530325386514,0.470768224660131,0.470480780375165,0.458965950462929,0.460565487380243,0.459794349670187,0.460777157595679,0.452696807041165,0.453153643349718,0.453737226958967,0.452627318811608,0.452255457058435,0.451981216513988,0.450290211645674,0.450121132480308,0.449912027067828,0.450193984290483,0.449309457563477,0.454498840599603,0.45181250797731,0.451764221922916,0.450482060332575,0.451190620856626,0.451448764867435,0.447786026716504,0.446723296936761,0.447354324884893,0.431420676824396,0.429875700939944,0.430005234246025,0.429964923333591,0.436245119305171,0.435737193295278,0.442222048207354,0.428559891279266,0.429304332374222,0.424723650103308
"4938",NA,NA,NA,NA,NA,NA,NA,NA,NA,NA,NA,NA,NA,NA,NA,NA,NA,NA,NA,1,0.81922355505021,-0.117742559296302,-0.120692731223132,0.622751313281661,0.700602699029108,0.684469937830179,0.571633839188964,0.566805836299557,0.294323584366999,0.0614560167585464,0.0658016050547016,0.096608309649313,0.451823075286058,0.472085051422849,0.466967515577469,0.542931094815205,0.54162350152313,0.593805686396373,0.620818058040398,0.599576423320652,0.629952996605405,0.639602713739965,0.632506184159773,0.643410790285139,0.638517777626026,0.646718092998854,0.605819491626681,0.590279574931853,0.590691651927576,0.593409656506569,0.591940521909764,0.568540329873427,0.567870451600973,0.554585662724172,0.546952160549634,0.536944769082643,0.523175618335629,0.516025225555965,0.5358715980743,0.532268658775866,0.53258312329907,0.527643698837561,0.522494043750015,0.515304178142494,0.510283025276193,0.504945830562655,0.507111214467472,0.508494345853264,0.503730470323689,0.507903696557206,0.509959104491191,0.54333873261596,0.543570184753934,0.537918845600243,0.526246339982452,0.525724883122191,0.537230418834192,0.530856902001149,0.536049930658055,0.55558086094421,0.566097136492343,0.563731389163417,0.563937588701678,0.520889181843348,0.505381439128873,0.491842859005969,0.493862562137041,0.494734246866657,0.458277690071394,0.46530116442766,0.465415709478723,0.464106772418185,0.46750294109172,0.467195235236979,0.466877458029514,0.470166950605962,0.470240321424699,0.464292368992654,0.468934507829282,0.466095257415203,0.466051785565634,0.466092063631536,0.467174471418994,0.468235675844203,0.468840716967801,0.458811257472212,0.471093976100995,0.468493051377368,0.468368825336266,0.467385919615591,0.48190971320958,0.481071614803973,0.475833387070194,0.465404090536454,0.466153722759103,0.466281881003258
"5871",NA,NA,NA,NA,NA,NA,NA,NA,NA,NA,NA,NA,NA,NA,NA,NA,NA,NA,NA,NA,NA,NA,NA,NA,NA,NA,NA,NA,NA,NA,NA,NA,NA,NA,1.21005361707356,-0.342094883233614,-0.365643623766318,-0.352018502761979,-0.478316222524338,-0.476954203404021,-0.486991191474151,0.0997218258188333,0.096873765415308,0.436010986683294,0.379275646275206,0.390131680723824,0.461080915050901,0.535496872297997,0.53338332447175,0.508794984108621,0.544076022878171,0.539623954221313,0.572039604193038,0.574386975746204,0.523278098656069,0.52833917027016,0.530096559150996,0.526165001841692,0.514544102297298,0.491702148143838,0.492383044332329,0.474444162326711,0.485236678192433,0.485172164266305,0.472741381972521,0.494764690228529,0.498111331461946,0.453218428234383,0.439887777990271,0.441488736953771,0.475038015772582,0.497063536633703,0.496278410043034,0.494321599025173,0.504306086231204,0.504358392285795,0.512090439812747,0.530428846169237,0.534296081365989,0.555610809788592,0.522594735581931,0.521784041605615,0.541486940982028,0.583387460040893,0.583384145556239,0.583117793388661,0.598057403798313,0.60306181384711,0.576645564200465,0.559554370927061,0.55992588439055,0.558414732905535,0.561164750612268,0.561284070361464,0.562107652044382,0.560801116217555,0.560784421265374,0.561885754065812,0.567251601121087,0.566384548480677,0.566811204896974,0.565163557294332,0.567017183788542,0.564911650099028,0.56135918412555,0.557992464787211,0.5688486090969,0.529776731628293,0.529236638745388,0.537661216971875,0.538248480336393,0.538390423932194,0.537160275746025,0.521464710765086,0.518627027771065,0.524824935082819
"5880",NA,NA,NA,NA,NA,NA,NA,NA,NA,NA,NA,NA,NA,NA,NA,NA,NA,NA,NA,NA,NA,NA,NA,NA,NA,NA,NA,NA,NA,NA,NA,NA,NA,NA,NA,NA,NA,1,0.355599057130926,1.51786040869678,1.98422081367309,2.37237757714551,2.37118100990123,2.07234462115512,-0.676605355700835,-0.695182308167618,-0.263091793184039,0.935641949995293,0.916479885802796,0.904906351698567,0.808765962178718,0.809033562327454,0.772327782688633,0.848495020841418,0.81890350461569,0.893362626081708,0.899377303094817,0.897065155237791,0.865626741786082,0.86950225311245,0.872462700318479,0.753342595060273,0.752556145343969,0.754310863449086,0.732875540075066,0.75558688902675,0.739641957294089,0.671272075562191,0.687338586760345,0.717048903223184,0.693192800838575,0.685535678054753,0.685596249391604,0.677678848362687,0.677220033902788,0.672299893899811,0.692068722334413,0.698681404115795,0.716434782073469,0.76036656202388,0.761579474042803,0.758708406370043,0.788473524883719,0.839806395521146,0.837779516874574,0.812249482906807,0.811764117510942,0.8181714234542,0.793846419582037,0.784456546874118,0.783828843159619,0.77866453768122,0.77549873266513,0.774212833854567,0.774577792291825,0.76796795119442,0.767947754203117,0.769263727719887,0.771177236388702,0.767521891962441,0.767626132577443,0.765046343089969,0.762025276020399,0.763759627061113,0.757428983114258,0.757479660598442,0.776821975304658,0.767080553429667,0.767635561394203,0.768712918326425,0.790122316238138,0.790282569034695,0.792298005370696,0.791032384772579,0.793966615944369,0.795144982368047
"6505",NA,NA,NA,NA,14.5128588029862,1.10534691572818,1.30340108798659,1.31698782446865,0.6521909652112,0.651974102576589,0.653940800708072,0.687960702792659,0.691438541343659,0.733024946813877,0.751338511902449,0.75344783786013,0.71290868545661,0.737013914843223,0.741010008556054,0.788628368182013,0.796914222360872,0.761941174992546,0.764875686310855,0.771816077203884,0.704756766723616,0.731891665560089,0.75820503324072,0.749993804775209,0.731884019672702,0.73523194577198,0.744460558570633,0.639174872304142,0.747686705315052,0.76413712138138,0.769814729482708,0.793166253342835,0.793113292425826,0.763017225217434,0.782571942306211,0.778803067975566,0.785103698427997,0.738213716599542,0.738133270910447,0.687108795215155,0.705738997492801,0.70692359582153,0.70929011981892,0.698920727464835,0.697083134214521,0.698133130324702,0.696349395224101,0.690383848091054,0.707422473108073,0.706165517066832,0.707437834386605,0.70557554778254,0.716690134335076,0.716479538951957,0.713237778494322,0.710485001576637,0.710730355159045,0.7053442034561,0.717165867511943,0.717325608343401,0.715693143430399,0.706789155266767,0.703851969856859,0.707173047540189,0.709361560870081,0.714946902187084,0.696186680312406,0.687468312116782,0.686839872136806,0.689619684535245,0.695591606681104,0.695863364055783,0.686536598682309,0.705216848267772,0.706663398576183,0.729898911721601,0.736873893044247,0.731535509270114,0.714374295378264,0.720282816104476,0.720190196225841,0.720791908805144,0.71075228258684,0.704045834315895,0.719844855640012,0.707666691426278,0.707010106809421,0.702363948771415,0.701935534495765,0.701908644302806,0.691014462260794,0.695529474087691,0.69493338506588,0.678720553844974,0.678461378584329,0.678007828195022,0.677968255799395,0.679546973959704,0.679921229695125,0.679125942574314,0.679620666302271,0.68118208362184,0.671599988396346,0.668483730851435,0.664322779033767,0.657011565575141,0.674760583854617,0.674930894850685,0.675231493092856,0.668715353937008,0.669601132584453,0.66965111951071
"9904",NA,NA,NA,NA,38.8822913337199,0.289179105493018,0.294171454987323,0.276944007679125,0.933202462403006,0.938921646442364,0.969839307774988,0.874098324229349,0.873470794807783,0.890920637083788,0.893686461599909,0.883934348124134,0.772482849126855,0.808398746211856,0.811858686200468,0.850452814766277,0.798461277843814,0.80668725929765,0.83484262094891,0.910460057550019,0.896058512083011,0.876179178529622,0.812158409633897,0.812244713859679,0.818774270926196,0.817581822334107,0.823120823705589,0.801514958146031,0.866474710912786,0.883785667369316,0.756350008775115,0.783067543631869,0.767200374318319,0.686648189766925,0.643015929973422,0.643113614648785,0.644335650085539,0.680193464212703,0.678120745266921,0.611350664061601,0.612533262802388,0.613684911037283,0.632949582387136,0.591085902399513,0.591055921910708,0.582683311994361,0.579390071072782,0.575149484516533,0.579651719659202,0.54084700842104,0.539940190606393,0.500824252547642,0.503328195029849,0.502377011698625,0.4915385194905,0.483694439686821,0.46796690712399,0.465825043232333,0.443574072258728,0.442607293188764,0.440252334365877,0.406438541770683,0.404261971634945,0.456371374894528,0.457993426031101,0.461099952697188,0.44476522145152,0.464721820088236,0.464682334656304,0.474497950356212,0.469357404004638,0.4676611202192,0.474639219675212,0.460351659483262,0.462816048177703,0.463532164262756,0.450263081420744,0.446270536536166,0.432199813137741,0.424902600284874,0.42451171237537,0.42305323130784,0.429763271204757,0.430214847063342,0.406099373970486,0.414792594627072,0.414161045891,0.414442465802565,0.410964989046814,0.409092854726412,0.407643372193075,0.407376123295657,0.407418757933797,0.405928297857296,0.412412756674376,0.412363161153736,0.413616924191884,0.412238882399234,0.412474589352696,0.419660786632787,0.421266177528651,0.42116384991098,0.416542995757055,0.419051874596889,0.418277312693507,0.412207003339499,0.422931610828535,0.422290202371804,0.425963836530683,0.423545727287811,0.422365311308069,0.421682313178892
